user_id,age,calories_burned,workout_type,workout_duration_minutes
1102,38,372.5,None,0
1435,21,245.4,Running,20
1860,24,900,Running,43
1270,43,819.5,Running,62
1106,29,629.3,None,0
1071,48,865.3,None,0
1700,34,556,Yoga,36
1020,50,763.5,Running,58
1614,28,843.3,Walking,74
1121,45,504.2,Running,87
1466,49,120,Walking,64
1214,18,662.7,Yoga,47
1330,45,292.5,Yoga,75
1458,59,631.9,Running,48
1087,24,325.2,None,0
1372,19,900,Walking,88
1099,59,900,Walking,30
1871,41,412.3,Walking,21
1663,21,366.7,Walking,87
1130,36,381.4,Cycling,29
1661,43,393.3,Yoga,46
1308,28,408.6,Walking,54
1769,57,448.5,Cycling,69
1343,28,410.7,Cycling,21
1491,20,297.4,Yoga,36
1413,29,362.1,Gym,43
1805,20,497.6,Running,76
1385,59,781.2,Yoga,35
1191,44,900,Gym,55
1955,19,900,None,0
1276,33,586.4,Running,29
1160,19,605.9,Running,82
1459,47,394.1,Running,62
1313,37,758.3,Cycling,70
1021,55,900,Walking,22
1252,45,791.5,Running,85
1747,42,288.1,Walking,54
1856,49,509.9,Running,88
1560,27,527.2,Cycling,55
1474,59,703.3,None,0
1058,57,636.3,Running,20
1510,50,315,Yoga,61
1681,30,518.7,Gym,60
1475,58,861.9,Running,76
1699,59,313.7,Gym,39
1975,54,778,Gym,33
1782,33,601.4,Cycling,71
1189,39,614.3,None,0
1957,37,823.4,Gym,68
1686,44,715.9,Cycling,49
1957,58,890.1,None,0
1562,33,517.5,Running,31
1875,51,449.8,Walking,50
1566,49,657.2,Cycling,56
1243,43,900,Gym,46
1831,42,876.2,Gym,43
1504,19,312.7,Running,60
1130,29,900,Cycling,83
1484,57,900,Running,30
1818,26,535.3,Cycling,35
1646,29,401.8,Walking,33
1020,43,900,Yoga,66
1840,26,721.6,Running,49
1166,27,801.1,Gym,43
1273,49,489.3,Running,32
1387,51,900,Cycling,28
1600,37,861.9,Running,68
1315,56,434.3,Walking,45
1013,19,900,Cycling,68
1241,18,318.4,None,0
1776,53,695.6,Gym,64
1345,41,900,Gym,40
1564,44,281.8,Cycling,48
1897,19,900,None,0
1339,48,711.1,Walking,61
1091,31,279.2,Running,60
1366,19,900,Yoga,67
1955,46,652.3,Gym,62
1454,32,233.8,Walking,27
1427,29,900,Walking,82
1508,54,807.6,Walking,82
1775,45,848.8,Running,25
1942,37,842.1,Walking,71
1034,56,542.3,Walking,40
1205,41,392.8,Cycling,33
1080,38,900,Cycling,77
1931,27,534,Walking,44
1561,31,589.2,Walking,75
1871,54,233.6,Cycling,28
1387,35,745.2,Running,55
1001,41,604,Cycling,76
1389,31,420.4,Cycling,24
1565,51,761.4,Cycling,26
1105,29,188.2,Cycling,25
1771,39,568,Yoga,71
1821,23,643.2,Gym,89
1476,53,632.5,Running,74
1702,53,900,None,0
1401,39,440.2,Running,20
1729,31,871.2,Walking,56
1555,33,640.2,Yoga,68
1161,53,375.4,Walking,31
1201,42,393.2,Running,24
1957,49,628.4,Running,89
1995,50,644,None,0
1269,53,877.4,None,0
1862,37,785.6,Walking,74
1815,35,473.7,Gym,69
1270,55,900,Walking,72
1455,20,866.7,Gym,74
1461,40,499.8,Gym,22
1726,49,801.1,Cycling,35
1251,33,900,Running,64
1701,22,505.2,Cycling,55
1295,21,750,Running,38
1724,38,428,Cycling,23
1719,57,326,Gym,78
1748,31,860,Cycling,31
1337,56,770.6,Yoga,82
1878,48,229.5,Cycling,75
1052,31,599.3,None,0
1791,23,875,None,0
1921,29,690.5,Cycling,43
1216,33,573.6,Cycling,45
1763,34,900,Yoga,41
1187,40,636.7,Running,89
1379,31,238,Cycling,38
1492,24,574.4,Running,53
1040,49,567.6,None,0
1156,32,303.6,Walking,64
1014,34,590.9,Gym,56
1812,58,530.7,Walking,42
1064,51,547.1,Yoga,59
1856,22,748,Yoga,62
1838,44,406.9,Running,23
1520,40,900,Running,34
1343,57,766.2,Cycling,42
1128,31,662.9,Walking,31
1647,32,379.9,Running,87
1471,50,762.8,None,0
1062,48,813,Running,71
1138,52,346.6,None,0
1498,34,649.5,Running,78
1592,45,746.6,Gym,77
1391,36,717.6,Running,78
1674,40,900,Gym,42
1418,49,348.9,Yoga,20
1288,57,560.9,Cycling,75
1378,30,383,Walking,23
1772,37,484.2,Running,48
1489,52,900,Gym,36
1230,22,678.3,Running,68
1040,26,400.5,Running,70
1027,46,828.5,Gym,68
1134,23,611.4,Running,43
1200,42,345.1,Walking,63
1839,48,900,None,0
1779,39,420.6,None,0
1929,19,900,None,0
1032,22,517.6,None,0
1047,44,719.3,Yoga,50
1502,42,596.7,Cycling,35
1406,25,384.5,Running,51
1573,18,900,Gym,61
1727,37,343.5,Walking,53
1804,40,900,Running,56
1098,49,359.8,Yoga,35
1683,28,519,Yoga,32
1871,56,806.8,Gym,85
1725,41,709.9,Running,52
1986,28,900,None,0
1546,46,740.7,Running,56
1960,43,659.1,Running,59
1738,33,837.7,Yoga,27
1612,52,812.9,Running,73
1942,37,501.1,None,0
1461,20,592,Running,21
1642,18,761.8,Running,75
1768,18,738.3,Running,76
1004,34,591.6,None,0
1217,19,341.6,None,0
1502,46,445.8,Gym,27
1766,37,384,Yoga,82
1397,23,745.9,Cycling,65
1870,25,709.7,Gym,86
1794,46,500.9,None,0
1392,50,651.9,Running,86
1206,20,367.1,Cycling,61
1014,52,900,Walking,83
1857,22,559.9,Cycling,72
1553,44,688.2,Gym,26
1891,29,555.7,Yoga,26
1460,37,900,Gym,55
1690,37,899.9,Yoga,32
1574,26,426.6,Yoga,86
1863,56,708.9,None,0
1742,21,900,Yoga,72
1240,36,617,Walking,71
1563,55,900,Cycling,80
1095,44,263.6,Gym,80
1899,30,822.8,Gym,75
1733,30,399.1,Yoga,59
1484,39,900,None,0
1406,45,349.1,Walking,76
1230,39,684.7,Walking,23
1748,36,870.1,Running,45
1654,25,395.7,Walking,81
1170,25,882.6,Yoga,73
1540,59,900,Yoga,81
1035,43,784.3,Cycling,37
1524,43,345.3,Yoga,29
1159,40,862.8,Cycling,55
1838,30,573,Walking,21
1698,45,167.6,Running,79
1242,26,486.2,None,0
1085,37,785.2,Gym,51
1795,36,900,Yoga,88
1577,56,729,Walking,70
1681,29,900,Yoga,86
1556,32,900,Cycling,86
1573,48,653.3,Walking,87
1952,31,696.7,Gym,75
1645,28,693.1,Cycling,33
1795,43,423.5,Walking,35
1027,59,553,None,0
1619,44,546,None,0
1555,28,769.7,Gym,32
1339,55,674,None,0
1797,51,434,Cycling,45
1957,36,845,Gym,32
1330,23,845.5,Walking,87
1639,55,769.2,Cycling,52
1505,59,630.6,None,0
1347,45,520.5,Running,36
1472,18,859.1,Yoga,25
1230,52,864.5,None,0
1189,57,549.6,Running,52
1224,25,696.8,Gym,73
1384,24,600.8,Walking,35
1376,28,517.1,Yoga,65
1282,56,858.9,Walking,43
1957,21,717.4,Gym,24
1632,42,616.3,Walking,86
1627,29,897.5,Cycling,69
1972,43,900,Cycling,60
1744,55,318.5,None,0
1258,29,866.7,None,0
1358,54,352.2,None,0
1709,41,900,None,0
1455,33,312.7,Gym,69
1410,30,299.6,Walking,52
1648,42,420.9,None,0
1317,21,457.5,Gym,29
1676,28,900,Yoga,60
1224,49,900,None,0
1818,24,434.2,Walking,25
1233,28,824.5,Cycling,52
1683,45,701.5,Running,35
1663,58,180.8,Cycling,43
1974,40,229.1,Walking,79
1826,40,900,Walking,30
1373,45,387.4,Walking,63
1671,43,580.7,Walking,22
1607,42,899,None,0
1471,46,752.5,Yoga,59
1232,36,482.9,Running,38
1691,50,900,None,0
1112,53,742.4,Cycling,72
1829,31,867.5,Yoga,55
1496,31,900,Gym,86
1441,52,278.1,Walking,39
1563,47,428.4,Cycling,47
1267,45,614.3,Gym,76
1509,34,858.5,Running,22
1806,20,900,Cycling,56
1385,33,695.7,Yoga,37
1386,47,777.8,None,0
1112,46,861.7,Gym,24
1612,32,699.2,Cycling,76
1624,42,900,None,0
1951,55,834.4,None,0
1080,59,450.1,None,0
1698,55,351.6,Yoga,41
1112,40,900,Walking,36
1001,42,327.1,Cycling,63
1641,59,900,None,0
1219,24,894.3,Walking,41
1565,39,346,None,0
1854,34,368.7,Gym,20
1996,35,586.1,Gym,49
1735,58,581.8,Gym,58
1224,27,536.1,Walking,54
1384,27,445.2,Walking,88
1402,24,841.6,None,0
1637,55,607.3,Yoga,30
1129,44,199.2,Cycling,70
1052,50,679.3,Yoga,82
1683,18,718.6,Walking,53
1729,51,276,Cycling,74
1671,21,377.6,Gym,39
1709,34,843.7,Yoga,77
1415,21,179.1,Yoga,36
1246,43,664.9,Yoga,53
1835,21,721.1,Walking,81
1438,18,879.5,Cycling,53
1202,24,705.4,Gym,38
1183,47,703.6,Walking,85
1122,26,343,Gym,61
1400,52,487.9,Running,70
1766,25,798.3,Running,68
1293,41,561.4,Gym,48
1279,36,900,Running,49
1836,53,568.2,Cycling,44
1883,44,318.7,Cycling,87
1609,49,900,Walking,81
1197,31,515,Gym,57
1981,35,579,Walking,36
1906,45,891.7,Cycling,20
1510,46,514.7,Cycling,37
1751,33,455.1,Cycling,82
1143,52,883.8,Yoga,65
1608,48,900,Running,38
1200,21,900,Walking,69
1123,54,688.9,Walking,73
1186,34,655.6,Cycling,50
1325,56,673.9,Yoga,84
1463,43,858.7,Walking,65
1348,56,554.6,None,0
1770,58,893.7,Walking,68
1659,21,671.9,Yoga,53
1763,47,238.9,Cycling,48
1954,47,346.4,Yoga,25
1931,39,315.9,Running,20
1402,28,545.4,Walking,74
1345,19,900,Running,46
1962,29,900,Walking,31
1510,47,758.3,Running,23
1146,53,829.9,Walking,71
1147,35,237.7,None,0
1863,43,775.1,Cycling,71
1710,24,236.6,None,0
1819,18,240.2,Gym,47
1488,43,199.5,Yoga,85
1928,40,597.2,Walking,46
1935,43,347.9,Yoga,74
1639,23,790.1,Walking,73
1550,23,582.4,Gym,65
1337,25,900,Cycling,55
1871,41,455,Cycling,40
1640,39,227.1,Yoga,68
1778,36,616.9,None,0
1987,54,467.4,Gym,53
1952,35,900,Yoga,59
1472,48,297.9,Cycling,26
1945,54,900,Running,71
1150,47,779.9,Yoga,68
1414,59,808.3,Walking,56
1989,50,900,Cycling,81
1297,27,379.7,Walking,34
1610,54,509.3,Gym,21
1262,29,704.5,None,0
1763,47,846,None,0
1143,44,551.7,Cycling,64
1345,56,900,Cycling,87
1623,26,900,None,0
1571,38,893.3,Yoga,65
1880,29,762.3,None,0
1001,46,832.3,None,0
1896,50,334.1,Yoga,86
1303,32,562.8,Walking,23
1253,19,580.8,Yoga,44
1651,56,425,Running,40
1452,35,430.8,Cycling,33
1036,20,878.6,None,0
1159,24,467.6,Gym,67
1008,35,857,Cycling,70
1232,55,584,None,0
1098,54,895,Walking,78
1658,50,255.2,None,0
1815,48,899.3,Yoga,26
1207,28,327.8,Cycling,88
1130,21,823.4,Yoga,77
1403,35,460.5,None,0
1151,21,336.7,Walking,44
1053,51,880.2,Yoga,61
1119,46,831.8,Gym,63
1672,41,791.6,None,0
1919,39,849.1,Walking,47
1627,19,900,Cycling,79
1586,23,354.8,Cycling,40
1624,59,864.8,Gym,68
1967,42,801.8,Running,75
1419,38,862,Yoga,76
1421,33,393.8,None,0
1103,48,273.1,Cycling,57
1851,31,327.8,None,0
1253,56,214,Gym,22
1226,45,512.3,Yoga,62
1111,49,513.8,Walking,54
1509,45,603.8,None,0
1472,26,278.3,Gym,77
1098,39,343.6,Walking,53
1152,49,671,Walking,44
1860,22,842.4,Walking,75
1913,40,357.6,Yoga,51
1895,22,900,Running,41
1877,59,782.3,None,0
1337,49,900,Walking,40
1705,27,608.2,Cycling,40
1821,56,878.6,Yoga,47
1162,32,663.1,Yoga,38
1719,24,569,Walking,33
1956,46,883.7,Cycling,43
1680,20,900,Gym,39
1995,36,553.1,Yoga,51
1160,27,756.5,Walking,71
1579,45,359.2,None,0
1800,46,778.4,Walking,71
1397,32,528.9,None,0
1276,52,338.1,None,0
1815,23,332.7,Running,89
1915,29,436.7,Running,34
1503,55,677.1,Gym,66
1895,30,365.2,Gym,29
1391,46,806.3,None,0
1134,36,605.5,Gym,38
1194,20,761.5,Gym,87
1400,25,283.9,Walking,41
1639,25,852.8,Walking,82
1032,37,288.9,Walking,57
1687,21,577.2,Cycling,34
1459,38,900,None,0
1954,20,695.8,Gym,63
1882,25,708.4,Cycling,49
1469,40,377.9,Yoga,43
1374,33,376.1,None,0
1021,30,900,Yoga,23
1749,20,844.8,Walking,25
1669,26,900,Yoga,57
1037,31,897.7,Walking,45
1229,30,773.6,None,0
1364,24,375.8,None,0
1562,32,803.2,Gym,87
1437,24,857.7,Cycling,88
1775,55,831.2,Walking,66
1282,51,506,Running,48
1026,58,735.5,Running,83
1225,39,561.3,Gym,31
1276,41,410.3,Cycling,30
1797,54,452,Walking,27
1608,18,365.9,Gym,79
1283,27,842.4,Cycling,45
1878,33,601.9,Running,51
1959,25,574.7,Walking,58
1480,42,696.3,Cycling,23
1452,29,611.4,Yoga,63
1828,42,473.2,Walking,54
1815,34,900,Yoga,70
1658,43,790.4,None,0
1515,31,659.8,None,0
1546,58,658.2,None,0
1191,53,692.5,Gym,79
1048,40,451.5,Cycling,34
1511,23,664.5,None,0
1016,22,893.8,Cycling,69
1171,42,900,Cycling,74
1219,35,900,Cycling,31
1157,30,714.1,Walking,69
1476,31,624.3,Yoga,81
1045,45,764.7,Yoga,24
1372,35,349.1,Gym,46
1517,45,760.4,None,0
1098,44,189,Gym,54
1891,49,611.7,Cycling,32
1744,26,296.9,Running,63
1036,57,417.7,Running,65
1279,49,576.6,Cycling,87
1348,37,900,None,0
1496,45,568.5,Yoga,20
1301,50,312.1,Gym,30
1180,21,837.2,Walking,69
1606,51,583.6,Running,28
1098,20,879.3,Gym,57
1699,43,225.1,Running,32
1992,25,672.3,Yoga,24
1115,23,899.1,Yoga,44
1190,33,900,Cycling,29
1252,41,798.5,Cycling,24
1980,56,892.2,Running,41
1927,47,755.9,Running,61
1982,30,900,Gym,39
1160,22,854.8,Cycling,47
1255,42,428,Yoga,40
1322,37,668.8,None,0
1127,35,540.7,Gym,88
1017,35,329.1,Gym,56
1792,19,311.4,Walking,68
1734,27,763.3,None,0
1565,29,845.4,Yoga,52
1569,30,339,Gym,64
1322,28,813.8,None,0
1871,36,532,Walking,25
1685,52,472.1,None,0
1791,56,613.8,Cycling,34
1625,43,819.8,Yoga,28
1287,31,900,Cycling,80
1942,41,900,Walking,75
1853,58,711,Yoga,24
1662,18,900,Running,45
1961,39,803.1,Running,76
1638,40,737.6,Running,54
1154,36,900,None,0
1489,35,572.6,Gym,40
1385,29,900,None,0
1985,45,862,None,0
1784,45,704.1,None,0
1103,50,851.9,None,0
1928,36,453.9,Running,42
1392,45,548.5,Gym,58
1810,54,900,Gym,41
1245,43,637.4,Walking,74
1175,52,900,Running,50
1038,51,332.8,Yoga,66
1476,52,533.2,None,0
1681,57,861.3,Gym,67
1758,33,557.1,Walking,58
1537,55,485.1,Gym,40
1866,30,503.6,Yoga,34
1817,40,418.3,Yoga,64
1920,39,402.1,Running,38
1407,33,532.6,Gym,72
1524,45,642.2,Yoga,74
1827,52,803.8,Cycling,68
1505,25,900,Yoga,80
1902,39,583.4,Yoga,79
1824,38,683.1,Gym,43
1035,43,463.6,None,0
1684,57,837.3,Yoga,80
1019,38,752.5,Walking,42
1320,42,783.6,None,0
1775,58,758,Yoga,30
1511,18,769.2,Cycling,61
1399,23,734.4,Yoga,44
1653,40,850,Running,53
1971,40,211,Gym,41
1882,40,371.4,Cycling,21
1470,49,591.2,Walking,70
1142,47,730.2,Yoga,35
1091,30,900,Yoga,30
1353,35,900,Walking,88
1833,40,422.6,Yoga,81
1799,32,727.3,Running,38
1726,50,275.9,None,0
1958,38,900,None,0
1853,56,500.1,Cycling,42
1050,40,534.6,Yoga,79
1664,44,900,Walking,37
1697,35,900,Walking,74
1574,41,722.2,Cycling,37
1189,57,258.1,Running,46
1124,59,794.5,Cycling,20
1149,24,746.5,Yoga,33
1313,37,454.8,None,0
1569,44,396.4,Running,52
1341,23,571.4,Running,55
1304,44,761.7,Walking,58
1691,26,879,Running,64
1681,48,475.4,Yoga,44
1837,38,900,Yoga,34
1782,43,900,Yoga,39
1053,57,868.6,None,0
1443,30,900,Gym,77
1612,40,779.4,Running,79
1992,37,368.7,Running,49
1263,54,833.5,Yoga,32
1052,45,383.8,Walking,86
1571,34,447.1,None,0
1619,45,710.9,Running,59
1004,58,900,Gym,57
1102,19,900,Running,66
1195,42,627.1,Cycling,48
1773,58,427.3,Gym,53
1876,23,653.3,Walking,30
1991,28,900,Gym,39
1883,55,585.3,Gym,39
1349,23,868.6,Running,75
1046,28,533,Gym,42
1866,31,841.5,Yoga,44
1822,19,444.8,None,0
1935,57,526.3,Gym,50
1819,20,858.1,Running,20
1655,52,900,Yoga,73
1268,50,620.3,Walking,35
1369,41,900,Cycling,78
1635,36,730.8,Gym,85
1105,35,405.1,Yoga,22
1669,41,795.9,Yoga,34
1658,52,308.4,Walking,51
1656,18,772.8,Walking,69
1119,53,490.6,Cycling,79
1830,42,402.1,Cycling,27
1786,51,869.2,Running,26
1603,42,617.5,Cycling,23
1057,33,900,Cycling,29
1950,51,890.1,Yoga,79
1345,46,647.5,Gym,44
1740,36,307.7,Gym,61
1473,40,715.5,None,0
1116,36,783.2,Cycling,51
1829,42,837.9,None,0
1790,33,375.2,None,0
1126,26,334.4,Running,68
1392,18,277.9,Running,35
1907,59,693.7,Gym,57
1640,36,888.4,Walking,24
1057,50,600.5,Yoga,26
1633,51,774.4,Cycling,27
1512,33,782.2,Yoga,52
1750,57,689.7,Cycling,81
1801,35,868.5,Cycling,51
1095,51,522.4,None,0
1637,42,648.5,Gym,39
1117,23,279.3,Yoga,74
1559,38,632.3,Yoga,82
1600,23,598.7,Walking,25
1487,49,596.1,Walking,71
1236,58,734.5,Yoga,21
1884,56,717.5,Walking,58
1896,48,900,Walking,51
1271,59,517.3,Cycling,70
1188,27,664.2,Gym,88
1998,47,428.5,Cycling,51
1703,35,582.1,None,0
1446,41,849.5,Walking,81
1580,26,794.4,Cycling,32
1789,48,412,Cycling,89
1860,32,445.5,Running,40
1246,21,900,Cycling,80
1962,57,724.6,Cycling,33
1075,26,900,Gym,41
1153,26,829.8,Yoga,51
1655,43,629.7,Running,60
1434,21,744.7,Running,51
1996,34,266.4,Running,61
1085,33,794.6,None,0
1696,32,608,Running,73
1284,52,605.4,Gym,81
1973,22,513.2,Yoga,62
1219,22,557.4,None,0
1068,37,582.3,Gym,57
1046,32,423.1,Running,58
1093,35,603.5,Yoga,89
1749,19,768.1,Gym,64
1957,46,792.6,Yoga,65
1452,30,856.5,None,0
1203,21,868.8,Gym,71
1911,59,875.2,Yoga,28
1217,27,296.6,Gym,76
1473,48,499,Running,88
1431,58,900,Running,62
1340,25,749.5,Running,26
1550,20,892.5,None,0
1611,26,553.1,Gym,63
1288,47,844,Yoga,87
1253,28,260.3,Yoga,63
1733,52,420.4,Walking,59
1356,54,900,Cycling,62
1022,59,677.8,Running,81
1761,30,541.6,Running,62
1521,53,594.4,Running,38
1757,30,836.2,Walking,68
1836,29,394.5,Walking,84
1099,54,900,Walking,44
1801,27,796.1,Running,60
1179,26,430.8,Yoga,42
1222,24,747.5,Running,77
1905,19,785.9,Walking,62
1761,40,553.5,Walking,59
1658,56,727.5,Cycling,49
1441,57,385,Gym,53
1607,56,575.4,Cycling,29
1768,38,537.5,Cycling,79
1324,40,326.9,Running,20
1515,46,760.4,Gym,31
1015,31,451,Gym,65
1791,43,328,Running,36
1335,22,760.4,Yoga,77
1758,48,552.6,None,0
1257,42,461.5,Running,25
1496,48,407.5,Yoga,81
1987,37,422.8,Yoga,29
1895,34,657.1,Gym,45
1159,19,333.7,Running,77
1474,42,649.5,Running,36
1851,30,778.9,Gym,72
1663,56,297.9,Cycling,24
1907,45,829.7,Running,86
1689,59,400.2,None,0
1674,23,488.6,None,0
1379,20,397.3,Walking,65
1544,52,841.5,Walking,86
1928,35,614.1,Running,22
1956,28,405.2,Yoga,42
1690,37,412.5,None,0
1426,22,710.1,None,0
1612,36,735.9,Gym,66
1267,39,812.5,None,0
1834,36,566.6,Yoga,63
1576,33,830.8,Walking,32
1416,41,792.9,Walking,27
1167,58,272.6,Gym,82
1841,21,622.4,Walking,41
1042,32,537.5,Cycling,57
1555,42,533,Walking,46
1284,52,540.6,None,0
1396,31,310.2,Yoga,42
1011,36,867.5,Yoga,84
1606,55,501.6,Cycling,66
1301,53,467.1,Yoga,80
1897,24,488.5,Yoga,65
1252,47,590.3,Yoga,23
1498,36,537.4,Running,50
1753,42,676.3,Cycling,23
1034,33,788.3,Cycling,48
1726,57,375.9,Walking,63
1848,25,868.9,None,0
1089,35,872.4,Cycling,78
1775,45,280.2,Gym,72
1604,33,805.8,Cycling,30
1921,36,333.2,Gym,25
1969,59,448.3,Yoga,66
1601,34,400.9,None,0
1417,30,492,Gym,87
1114,24,700.7,None,0
1616,44,403.1,None,0
1902,27,900,Running,62
1195,51,532.6,None,0
1825,53,900,Yoga,48
1500,42,562.9,Gym,37
1625,23,873.2,None,0
1492,41,676.9,Yoga,25
1074,35,746.1,Running,35
1412,40,698.5,Yoga,20
1375,23,297.8,Yoga,41
1419,46,900,Cycling,65
1728,42,900,Walking,81
1276,34,900,Gym,42
1760,41,299.9,Walking,40
1675,28,321,Running,70
1393,43,477.2,Running,57
1868,51,711,Yoga,47
1456,45,301.8,Walking,63
1919,20,706.9,Gym,58
1191,28,422.3,Gym,61
1738,55,547.8,Yoga,61
1688,31,238.3,Gym,79
1098,43,832,Cycling,76
1547,38,840.2,Walking,26
1977,56,562.2,Running,70
1998,47,900,Gym,51
1095,25,687.8,Gym,26
1663,37,760.7,Gym,59
1662,49,586.2,Yoga,34
1189,39,872.6,Running,78
1735,24,702.5,Walking,31
1036,26,888.9,Gym,61
1779,18,714.7,Cycling,58
1368,46,430.7,None,0
1694,25,683.5,Yoga,21
1524,21,427.5,Walking,48
1278,52,616.4,Gym,80
1216,20,556.7,Walking,48
1866,57,294.9,Yoga,57
1872,24,537.6,None,0
1797,44,234.3,Cycling,49
1272,18,900,Gym,75
1880,44,703.5,Cycling,55
1061,33,358.8,Yoga,61
1595,55,321.2,Cycling,23
1879,24,564.4,Yoga,24
1728,40,470.9,None,0
1341,58,643.7,Cycling,21
1396,28,462.3,Walking,73
1698,59,182.7,Walking,78
1018,50,898.9,Yoga,52
1176,53,756.3,Walking,41
1611,54,900,None,0
1395,58,900,Cycling,25
1444,34,753.9,Cycling,43
1232,52,807,Gym,68
1914,22,363.2,Yoga,70
1075,49,331.8,Walking,60
1264,20,500.5,None,0
1454,52,900,Yoga,21
1795,31,414.5,Walking,62
1717,48,588.2,Gym,51
1734,48,450.6,Cycling,31
1383,34,248.8,Cycling,42
1563,41,900,None,0
1850,40,514.6,Running,63
1505,35,563.6,Yoga,21
1366,31,769.1,Walking,26
1143,32,900,Running,40
1884,32,317,Yoga,77
1068,23,881.1,Walking,42
1098,44,727.5,Gym,79
1395,32,470.9,Yoga,44
1024,53,270.9,Walking,54
1947,25,503.2,Cycling,64
1890,32,763.7,Yoga,26
1468,20,531.2,Walking,88
1483,30,666.5,None,0
1564,58,340.8,Cycling,72
1150,51,607.8,Cycling,88
1143,41,400.2,Running,44
1568,57,900,Walking,21
1038,49,417.3,Running,80
1108,49,659.6,None,0
1692,47,511.4,Running,70
1041,30,603.2,Gym,21
1185,18,808.4,Running,64
1934,51,896.2,Running,51
1397,32,291.5,Gym,51
1222,31,807.5,Gym,27
1633,46,815.9,Yoga,39
1132,51,726.6,Running,84
1162,35,812.6,Cycling,40
1214,24,825.6,Gym,26
1732,46,842.4,Walking,28
1234,48,645,Yoga,21
1842,42,644.9,Yoga,38
1657,55,411.1,Running,79
1750,31,471.9,None,0
1587,25,348.7,Cycling,78
1008,44,323.1,None,0
1073,19,531.5,None,0
1953,34,710.4,Gym,81
1491,54,390,Walking,29
1912,31,378.8,Running,84
1252,42,445.8,Cycling,45
1229,47,900,Running,79
1518,46,426.9,Running,37
1173,37,700.9,Yoga,78
1652,38,539.8,None,0
1167,39,248,Walking,65
1169,52,344.8,Walking,31
1392,54,245.1,Walking,51
1945,33,347.7,Walking,58
1794,34,689.2,Gym,74
1633,33,281.3,Gym,74
1193,19,827.9,Walking,29
1516,21,477.4,Cycling,54
1028,38,498.7,Gym,25
1164,56,686.6,Gym,87
1421,51,352.7,Cycling,81
1338,47,667.6,Walking,28
1647,23,766.9,Running,48
1495,34,733.9,Gym,25
1364,56,877.1,Running,63
1832,42,900,Running,83
1341,22,665.6,Cycling,86
1499,22,900,Walking,63
1656,37,900,None,0
1510,33,636.8,Running,28
1326,58,900,Walking,42
1216,54,790.1,Yoga,76
1300,57,387.9,None,0
1131,26,584.7,None,0
1803,22,349.6,None,0
1069,59,900,Walking,26
1251,19,694.2,Cycling,39
1414,26,764.1,Cycling,83
1786,53,547.5,Yoga,38
1444,39,765.4,Cycling,25
1875,39,730.3,Walking,70
1181,39,288.8,None,0
1166,51,723.7,Walking,84
1090,46,893.9,None,0
1713,55,446,Walking,42
1857,50,275.1,Cycling,77
1530,35,466.7,Walking,30
1038,24,339.7,Gym,53
1125,18,746.4,None,0
1450,50,759.8,None,0
1172,18,894.2,Yoga,65
1652,41,396.3,Gym,31
1753,21,299.9,Walking,28
1219,21,544.4,Cycling,32
1637,35,900,Yoga,83
1057,44,759,Gym,39
1659,49,409.1,Walking,78
1475,50,309.3,Cycling,41
1455,45,631.1,Walking,84
1828,59,900,None,0
1894,58,877.3,Gym,60
1360,53,685.5,Gym,64
1934,23,578.1,Yoga,23
1000,33,900,Cycling,89
1386,51,866.6,Running,64
1972,40,266.1,Walking,77
1347,59,335.5,Cycling,42
1189,41,693.2,Running,51
1504,30,467.5,Cycling,82
1190,35,706.1,Walking,27
1507,30,646.3,Walking,44
1368,54,711.2,Yoga,52
1408,56,224.3,Gym,85
1823,59,900,Gym,35
1928,34,755.8,Gym,74
1933,32,900,Yoga,55
1116,35,337.5,Gym,26
1133,40,883.1,Cycling,88
1057,47,877.9,Gym,27
1555,51,403.9,Gym,22
1684,21,900,None,0
1671,20,441.1,Walking,55
1172,24,629.2,Yoga,49
1828,35,428.5,Yoga,34
1814,59,650,Gym,87
1148,24,843.2,None,0
1079,57,698.8,Running,47
1885,23,812.5,Walking,61
1212,39,343,Gym,37
1202,18,487.5,Running,24
1763,21,695.5,Cycling,28
1228,46,863.5,None,0
1675,38,767,None,0
1226,43,723.6,Walking,75
1658,31,900,None,0
1531,26,900,Yoga,81
1440,29,620.9,Running,54
1401,59,670.2,Gym,59
1046,23,736.3,Running,70
1232,37,609.8,Yoga,79
1304,41,380.5,Cycling,75
1525,44,731.1,Running,60
1142,55,570.8,Gym,73
1414,25,764.2,Running,36
1512,18,275.2,None,0
1372,41,639,Cycling,28
1565,24,900,Running,75
1885,36,398.7,Cycling,42
1258,39,344.1,Cycling,21
1655,52,696.7,Walking,64
1470,47,679.5,Walking,84
1952,46,900,Gym,57
1970,39,631.6,Gym,25
1011,28,461.9,Gym,67
1329,37,515.5,Cycling,63
1735,46,900,Cycling,26
1783,58,900,Walking,85
1967,59,683.6,None,0
1357,51,714.6,Cycling,49
1971,18,782,Walking,71
1407,48,900,Running,55
1667,47,733.7,Gym,54
1372,35,663,Gym,85
1007,34,192.5,Yoga,69
1121,55,498.9,None,0
1347,31,843.5,Walking,23
1675,40,202,Yoga,74
1089,42,407.8,Gym,71
1647,32,648.5,Yoga,78
1697,39,328.5,Running,39
1315,20,730.4,Yoga,38
1177,36,900,Running,27
1539,51,900,Gym,86
1731,52,507.2,Cycling,46
1868,18,900,Walking,27
1040,38,531.9,Yoga,37
1739,46,363.3,None,0
1703,23,821.9,Running,65
1922,54,570.2,None,0
1501,18,661.3,Gym,22
1958,18,384.4,None,0
1144,44,697.3,None,0
1200,38,487.7,Gym,85
1928,33,864.5,Cycling,20
1723,57,900,None,0
1460,43,823.9,None,0
1731,33,534.9,None,0
1751,45,242.4,Gym,64
1924,18,664.8,None,0
1908,53,283.8,Gym,70
1557,27,413.6,Cycling,80
1546,34,792,Gym,23
1252,40,699.8,None,0
1389,24,797.3,Running,30
1593,24,479,None,0
1882,32,315.4,Yoga,76
1255,51,900,Yoga,73
1708,21,765.4,Running,84
1814,31,900,Yoga,66
1920,31,802.4,None,0
1449,33,735.7,Gym,53
1009,24,514.6,None,0
1823,49,606.5,Yoga,80
1797,36,702.3,Yoga,39
1241,19,298.9,Gym,22
1250,27,744.1,Yoga,59
1876,34,480.1,Gym,88
1004,54,327.6,Cycling,42
1118,29,531.7,None,0
1800,23,782.7,Cycling,51
1373,39,900,Yoga,43
1064,49,538.5,Cycling,70
1145,58,854.6,Yoga,77
1223,37,341.7,Cycling,61
1238,18,802.5,Yoga,54
1176,23,900,Walking,51
1778,36,461.1,None,0
1852,35,452,Running,64
1281,23,266.2,None,0
1062,50,827.8,Cycling,68
1216,40,282.6,Gym,53
1853,40,558.9,Running,35
1826,43,516.2,Yoga,30
1794,30,871.8,Running,38
1688,24,198.8,Gym,48
1460,32,548.5,Gym,73
1928,44,885.4,None,0
1609,43,261.9,Yoga,86
1104,50,669.5,None,0
1098,32,816.1,Cycling,75
1510,53,422.7,Cycling,82
1384,44,760.7,Walking,23
1404,22,721.3,None,0
1822,19,776.5,Gym,22
1517,50,400.4,Walking,46
1475,33,281,Gym,63
1976,40,392.6,Walking,37
1708,55,541.4,None,0
1862,33,875.9,Cycling,89
1644,31,890.6,Gym,66
1869,46,496.1,None,0
1770,43,821.5,None,0
1436,52,317.1,Cycling,42
1022,32,886.9,Running,59
1996,20,247.3,Cycling,34
1564,40,518.2,Gym,76
1676,46,266.6,Running,33
1713,51,379.9,Walking,31
1457,50,736.9,Yoga,54
1082,58,297.5,Gym,44
1144,58,260.4,Yoga,21
1084,40,384.6,Yoga,37
1077,24,824.8,Running,54
1456,20,772.4,Walking,28
1877,49,695.6,Cycling,30
1000,48,900,Running,86
1050,35,845.3,Walking,88
1684,24,696.5,Cycling,57
1716,58,414.6,Cycling,89
1771,18,402.1,Walking,78
1445,31,686.6,Cycling,85
1448,49,798.6,Gym,60
1880,23,609.1,Gym,43
1487,56,720.5,Running,69
1799,27,764.3,Cycling,24
1033,24,500.8,Cycling,40
1347,43,666.6,Walking,25
1094,51,763.5,Gym,23
1071,47,460.7,Yoga,28
1550,53,863.1,Running,88
1153,38,301.2,None,0
1249,34,734.4,Gym,28
1673,50,699.3,Walking,37
1437,27,386.6,Running,78
1117,59,533.7,Yoga,62
1770,29,593.4,None,0
1890,33,693.8,Running,48
1305,58,900,Gym,67
1267,49,737.3,Yoga,70
1960,32,645.1,None,0
1053,44,311.8,Walking,55
1235,45,900,Running,64
1388,34,844.4,Gym,54
1989,19,878.5,Walking,25
1733,53,573.4,Yoga,56
1762,24,852.4,Running,55
1824,30,413.8,Cycling,35
1400,32,423.9,Gym,41
1623,42,294.2,Gym,88
1766,40,900,Cycling,88
1302,39,807.9,Walking,82
1918,43,598.4,Gym,38
1206,50,364.1,Walking,37
1228,28,321.4,Yoga,36
1852,27,900,Cycling,60
1909,42,517.2,Walking,52
1577,54,783.3,Yoga,74
1074,55,261.4,Running,43
1434,58,900,Gym,59
1102,41,836,Cycling,47
1421,57,900,Running,86
1703,50,239.4,Running,58
1763,34,866,Running,40
1737,41,539.2,Walking,56
1805,54,313.1,Gym,21
1305,19,584.4,Cycling,25
1097,49,509.2,None,0
1849,41,900,None,0
1797,26,855.5,Gym,66
1334,21,320.8,Gym,62
1858,34,406.5,Gym,59
1434,34,852.3,Yoga,30
1446,47,624.9,Yoga,33
1993,57,605.4,Yoga,21
1307,28,548.5,Yoga,58
1248,38,744.4,Gym,82
1165,38,513.6,Gym,82
1480,35,277.8,None,0
1983,46,644.6,Cycling,20
1334,41,455.1,None,0
1541,27,277.4,None,0
1758,34,645.3,Cycling,58
1105,35,485.7,Cycling,67
1562,59,574.5,None,0
1080,37,495.7,None,0
1132,54,505.1,None,0
1796,35,619.9,Cycling,39
1899,34,255.7,Cycling,62
1137,26,807.6,Yoga,75
1183,31,640.8,Gym,43
1400,46,670.5,Cycling,62
1329,48,831.8,Walking,40
1784,21,705.3,Cycling,67
1507,35,819,Cycling,85
1851,37,396.3,Gym,35
1983,26,730.1,None,0
1068,30,545.9,Yoga,40
1545,32,253.4,Running,71
1773,44,614.7,None,0
1052,32,733.4,None,0
1449,45,273.6,Gym,77
1204,54,832.1,Yoga,24
1125,36,471.3,Walking,61
1746,43,228.1,Running,49
1042,43,309.5,Yoga,28
1751,42,579,None,0
1970,43,291.3,Yoga,70
1882,43,844.2,Gym,76
1110,45,689.5,Yoga,80
1760,35,327.6,Cycling,25
1662,49,878.1,Yoga,45
1182,20,341.3,Running,25
1847,19,539.7,Yoga,72
1094,50,500.4,Walking,80
1970,59,900,Cycling,52
1373,36,635.5,Running,64
1911,34,437.4,Running,59
1519,50,595.1,None,0
1899,29,864.9,Gym,64
1359,20,736.4,Gym,57
1899,43,734.1,Cycling,48
1695,52,726.1,Running,27
1280,25,226.1,None,0
1194,53,728,Walking,70
1863,24,600.8,Yoga,25
1194,53,556.7,Yoga,66
1666,33,900,Yoga,68
1092,41,237.8,Gym,51
1671,18,472.6,Running,73
1945,42,587.9,Running,55
1060,27,668.8,Walking,38
1633,33,867.1,Gym,56
1050,33,573.9,Walking,36
1402,25,766.1,Running,35
1788,46,861.4,Yoga,77
1004,56,307.4,Gym,63
1465,45,526.4,Gym,87
1603,23,824.7,Gym,68
1681,33,815.8,None,0
1828,37,808.4,None,0
1533,33,625.6,Yoga,77
1404,24,834.3,None,0
1837,58,900,Gym,74
1512,31,642.7,None,0
1644,43,659.7,None,0
1232,43,340.2,Cycling,43
1523,31,438.6,Gym,75
1345,24,736.8,None,0
1045,50,594.3,Yoga,35
1545,43,900,None,0
1944,37,478.6,None,0
1077,20,796.2,Gym,62
1729,21,154.1,None,0
1812,43,457.6,Cycling,27
1922,28,412.4,Cycling,68
1072,19,670.8,None,0
1793,31,900,Gym,66
1248,47,807.8,Running,55
1046,29,364.7,Running,42
1120,43,606.8,Walking,50
1213,50,429.6,Cycling,81
1238,30,367.4,Running,76
1055,31,353.5,Walking,89
1349,41,892,Running,84
1106,51,862.4,Gym,56
1830,43,593.9,None,0
1047,38,715,Cycling,36
1572,45,481.6,Running,26
1336,53,728.9,Gym,71
1025,57,443.7,Walking,54
1803,19,197.3,Gym,21
1256,59,607.3,Walking,59
1007,26,900,Running,56
1624,40,509.8,None,0
1866,32,728.9,Yoga,29
1252,30,825.5,None,0
1691,40,326.5,Gym,24
1718,34,393.7,Yoga,24
1302,19,900,Cycling,46
1638,37,745.3,Yoga,24
1055,37,771.1,None,0
1725,20,398.5,Cycling,27
1525,29,507.5,Running,50
1473,57,288.3,Running,40
1027,19,407.2,Gym,40
1982,53,463.6,Yoga,70
1077,31,486.9,Cycling,78
1215,33,554.7,Cycling,21
1385,36,900,Yoga,49
1364,51,236.3,None,0
1665,23,536.6,Running,39
1525,30,185.1,None,0
1698,53,752.4,Running,48
1311,39,456.4,Cycling,24
1882,35,456.6,Gym,29
1006,29,786.3,Running,80
1002,47,329.2,Walking,20
1622,57,383.9,Cycling,66
1918,24,274.5,Yoga,76
1749,49,196.2,Yoga,33
1362,36,505.9,None,0
1750,23,679.4,None,0
1507,37,900,Cycling,35
1273,44,779.9,None,0
1505,54,662.6,None,0
1805,24,636,Cycling,83
1738,22,243.1,Running,79
1882,28,391.9,Cycling,38
1014,32,317.7,Cycling,66
1191,20,541.9,None,0
1984,22,622.5,Walking,49
1630,40,747.1,Yoga,66
1484,54,713.8,None,0
1027,26,653.1,Running,40
1713,32,577.7,Gym,82
1038,20,265.5,Running,61
1952,46,443.5,Yoga,80
1272,23,795.7,Gym,62
1230,34,900,Cycling,87
1085,43,900,Walking,45
1473,38,381,Walking,52
1125,25,441.8,Yoga,52
1811,38,900,None,0
1536,28,377.8,Yoga,60
1144,55,623.8,Walking,55
1524,25,849.8,Gym,41
1211,59,873.6,Gym,66
1024,41,900,None,0
1579,52,894.4,Running,43
1393,31,469.7,Cycling,62
1066,31,550.6,None,0
1232,27,847.9,Gym,46
1108,29,149.8,Cycling,64
1145,55,517,Yoga,56
1110,51,530.9,Gym,32
1227,58,343.6,Gym,70
1110,27,607.1,Gym,21
1469,34,590.3,Running,78
1033,34,586,None,0
1622,20,376,Yoga,68
1775,48,471.7,Walking,49
1935,18,686.1,Running,28
1368,29,346.2,Running,43
1747,56,404.9,Gym,60
1594,21,695.5,Running,79
1553,59,511.6,None,0
1424,30,662.4,None,0
1612,51,480.3,None,0
1517,59,876.8,Walking,61
1691,38,287.2,Running,89
1281,39,619.1,None,0
1319,21,540.8,Running,50
1737,35,900,Gym,75
1442,22,711.1,Yoga,49
1951,36,428,None,0
1314,19,541.4,Walking,34
1876,29,500.3,Gym,37
1965,34,318.8,Running,51
1740,27,634,None,0
1376,51,721.7,Walking,81
1288,23,432.7,Cycling,71
1436,25,900,None,0
1661,28,258.1,None,0
1276,29,423.9,Running,53
1709,26,646,Yoga,75
1581,19,849.3,Running,72
1502,25,547.4,Yoga,68
1623,28,773.6,Cycling,82
1515,53,806.6,Gym,35
1349,27,863.4,Gym,59
1842,38,316.6,None,0
1445,37,866.1,Gym,37
1829,25,409.1,Walking,42
1349,53,485.7,Yoga,67
1606,46,627.8,Running,65
1663,59,419.4,Walking,41
1822,29,466.9,Walking,73
1136,31,630,Running,59
1758,38,678.2,Cycling,49
1898,39,735.6,Gym,74
1242,38,844.6,Cycling,75
1542,47,756.6,Cycling,61
1039,56,631.3,Gym,61
1228,37,572.6,Cycling,81
1547,41,328.3,Walking,72
1919,40,404.9,None,0
1222,24,496.1,Running,83
1005,26,900,None,0
1321,18,381,Walking,88
1467,43,553.3,None,0
1731,55,769.8,Walking,36
1074,55,302.2,Yoga,82
1003,39,550,Gym,60
1846,27,660.8,Gym,77
1645,23,820.4,None,0
1117,34,271.5,Walking,57
1880,55,463.4,Gym,85
1605,41,900,Yoga,64
1503,27,900,None,0
1997,25,790.5,Running,39
1946,38,571.6,Cycling,55
1573,23,900,Gym,61
1440,38,344.3,Walking,41
1193,56,380.7,Gym,79
1846,41,474.1,Walking,30
1714,50,270.6,None,0
1391,35,671.2,None,0
1025,45,757,Cycling,41
1434,49,622,Gym,82
1172,29,449,Cycling,50
1299,59,820.5,Walking,30
1644,44,549.3,Yoga,55
1325,27,377.8,Yoga,54
1409,59,287.4,Running,42
1117,49,816.9,Walking,48
1835,59,281,Walking,42
1786,43,900,Walking,35
1723,42,473.6,None,0
1224,28,449.3,None,0
1531,40,895.6,Yoga,69
1112,51,715.9,Yoga,62
1139,57,388,Yoga,38
1558,40,847.4,Gym,37
1000,46,835.7,Gym,25
1089,48,746.6,Yoga,54
1653,24,302.3,Cycling,33
1319,57,369,Gym,83
1549,50,805.3,None,0
1804,38,717.8,Gym,54
1893,19,561.4,Gym,21
1138,35,700.1,Gym,25
1510,50,428.6,Running,44
1867,54,651.2,Gym,69
1844,51,841.8,Cycling,26
1258,37,299.3,Running,82
1672,52,870.3,None,0
1901,35,247.7,None,0
1689,41,900,Gym,84
1009,25,315.9,Walking,78
1260,47,900,Running,43
1918,27,320.2,None,0
1649,40,747.6,Gym,57
1171,28,553.3,Cycling,81
1897,19,366.8,Yoga,84
1012,43,343.7,None,0
1167,53,800.4,Gym,71
1641,50,877.9,Walking,82
1595,30,536.9,Cycling,30
1320,57,571.8,None,0
1318,42,736.4,Running,73
1612,21,712.3,Cycling,69
1328,59,329.3,Gym,57
1784,36,347.2,None,0
1776,35,484.3,None,0
1970,54,669.5,Walking,87
1910,47,311.4,None,0
1919,36,843.3,Cycling,25
1549,40,632.2,None,0
1418,33,332.2,Cycling,57
1605,18,824.5,Yoga,76
1094,29,656.9,Yoga,83
1816,41,377.8,Gym,73
1580,51,694.1,Running,33
1317,25,900,Running,83
1955,35,344.2,Walking,69
1235,22,500.2,Gym,66
1945,43,667,Running,73
1333,47,818.4,None,0
1884,30,826.3,Cycling,58
1375,36,410,Gym,84
1458,46,900,Cycling,79
1136,20,746.4,Walking,52
1929,43,660,None,0
1587,57,804.8,Gym,55
1994,29,653,None,0
1546,19,503.1,None,0
1512,28,817,None,0
1295,45,477.5,Walking,66
1319,35,595.3,Yoga,88
1917,30,566.2,Walking,33
1571,54,800,None,0
1831,39,900,Yoga,71
1348,29,879.1,Gym,69
1839,19,741.7,Cycling,84
1778,54,726.5,Cycling,83
1872,24,780.3,Cycling,42
1228,43,847.8,Walking,89
1269,43,568.7,Gym,78
1827,41,732.3,Gym,73
1797,29,656.8,Yoga,45
1290,33,490.9,Gym,63
1724,40,760.4,Cycling,32
1164,57,525.8,Gym,73
1004,26,297.3,Yoga,59
1850,49,236.9,Gym,23
1378,32,523,Gym,72
1077,54,741.9,Cycling,20
1409,30,900,Gym,25
1573,22,334.6,Walking,74
1131,28,839.7,Yoga,85
1600,27,582.7,Yoga,37
1748,30,620.6,Yoga,48
1041,58,750.8,Gym,72
1088,32,420.3,Walking,52
1401,59,900,None,0
1295,24,315.4,None,0
1839,57,894.5,Yoga,23
1294,45,614.9,Running,27
1615,49,842.3,None,0
1525,52,470.8,None,0
1799,32,761.5,Cycling,45
1690,53,900,Running,53
1636,38,505.1,Running,68
1421,23,528.1,Yoga,68
1864,18,611.8,Running,46
1022,21,652.5,Running,84
1574,28,900,None,0
1142,43,561.6,Walking,68
1992,54,348.2,Cycling,82
1664,40,682.9,Gym,51
1144,46,900,Yoga,38
1224,38,389,None,0
1502,44,332,None,0
1961,56,523.2,Yoga,86
1973,57,805.5,Running,28
1820,30,587.2,Gym,54
1615,40,900,None,0
1103,33,694.7,Gym,56
1946,47,900,Gym,47
1038,21,342.6,Yoga,28
1946,57,506.4,Yoga,54
1197,33,678.9,None,0
1645,48,321.9,None,0
1578,59,233.8,None,0
1390,42,368.2,Walking,71
1178,29,864.3,Yoga,36
1967,43,462.9,Yoga,28
1553,54,749.2,Walking,73
1447,50,558.9,Yoga,24
1499,45,665.6,Running,82
1014,26,900,Running,66
1622,29,501.9,Walking,38
1668,22,894.5,None,0
1288,45,900,Walking,64
1477,52,900,Running,52
1230,22,510,Gym,62
1922,51,734,Yoga,45
1419,51,740.3,Cycling,64
1156,30,523.7,Cycling,54
1549,56,482.5,Walking,72
1440,59,322,Cycling,29
1096,31,800.9,Gym,60
1996,28,517.5,Cycling,36
1410,59,900,Running,85
1950,55,446.1,Walking,30
1288,21,598.1,None,0
1253,50,492.4,Cycling,86
1195,24,341.3,Yoga,65
1597,58,900,Walking,39
1833,25,256.8,Gym,32
1521,54,714.4,Running,36
1516,27,856.7,Cycling,51
1634,32,784.9,Running,35
1841,55,731.5,Gym,42
1864,32,446.6,None,0
1117,22,421.1,Cycling,33
1805,46,597,None,0
1908,36,295.4,None,0
1158,27,451.5,Walking,52
1814,29,777.3,None,0
1227,21,495.1,Walking,73
1876,48,688.9,None,0
1215,35,900,Yoga,42
1947,33,832.1,Gym,48
1695,57,546.4,Cycling,25
1014,53,669.3,Running,58
1156,42,388,Running,24
1647,40,392.6,Cycling,59
1260,29,401,Gym,40
1156,51,870.9,Gym,78
1046,53,476,None,0
1323,54,589.3,Running,43
1843,20,900,Cycling,22
1684,26,324.5,None,0
1129,35,518.7,Cycling,89
1410,52,681.3,Running,89
1094,51,304.7,Cycling,82
1626,58,153.5,Cycling,66
1754,31,737.4,None,0
1931,21,900,Walking,32
1291,46,326.3,Walking,64
1793,58,613.9,Yoga,51
1810,32,900,None,0
1282,45,629.9,Yoga,61
1068,59,891.4,Gym,61
1659,33,506.7,Walking,26
1010,29,308.2,Walking,22
1253,22,900,Walking,56
1841,51,834.7,Walking,22
1871,59,876.3,Gym,37
1549,18,305.1,Running,61
1133,56,900,Gym,28
1711,49,524.7,Running,76
1022,43,510.9,Yoga,43
1814,34,653.8,Walking,26
1345,44,393.1,None,0
1301,41,426.1,None,0
1362,52,723,Running,75
1395,59,749.4,Gym,77
1217,56,753.8,Running,37
1140,43,900,Cycling,58
1615,55,886.5,Yoga,69
1957,40,616.6,Yoga,52
1209,39,753.3,Walking,47
1984,21,334.3,Walking,75
1992,26,900,Gym,44
1622,21,900,Running,33
1615,24,735.4,Cycling,74
1827,40,655,Yoga,26
1682,19,717.8,Running,23
1459,41,849.2,Cycling,49
1355,57,435.9,None,0
1323,48,899.8,Running,76
1132,48,882.2,Walking,56
1887,57,811.9,None,0
1804,51,887.1,None,0
1839,41,694,Yoga,71
1126,43,783.1,Cycling,22
1105,33,701.7,Walking,26
1603,30,589.5,None,0
1798,32,900,Gym,89
1377,44,538.4,Gym,53
1904,21,349.1,Walking,35
1050,33,900,Cycling,27
1028,47,559.8,Cycling,40
1461,47,775.8,Yoga,30
1295,53,490.9,Walking,69
1296,20,889.7,Gym,25
1725,39,647.9,Walking,34
1778,39,797.2,Running,30
1406,29,900,Cycling,46
1768,38,302.7,None,0
1813,21,900,Running,57
1612,48,879.8,Gym,23
1404,48,497.4,Cycling,64
1345,40,366.5,Gym,29
1621,37,582.5,Gym,73
1419,32,447,Gym,48
1181,40,878.4,Yoga,31
1982,45,371.1,Gym,75
1824,33,411.2,Gym,59
1000,54,442.1,Running,56
1830,38,579.4,Running,85
1949,32,377.3,Running,39
1566,34,900,Cycling,31
1370,54,428.4,Yoga,57
1935,30,715.8,Cycling,49
1910,36,900,Yoga,66
1660,47,703.4,Yoga,61
1430,35,365.7,Walking,24
1968,31,298.1,None,0
1308,53,661,Walking,70
1136,53,529.5,Walking,31
1201,37,616.6,Yoga,29
1435,36,564.5,Yoga,56
1312,24,786,Cycling,85
1116,21,645.7,Yoga,86
1665,51,779.1,Gym,33
1936,19,825.2,Gym,66
1802,22,527.5,Yoga,39
1574,27,762.1,Gym,71
1243,49,822.5,Yoga,87
1536,59,509.5,Walking,45
1601,58,739.4,Yoga,66
1074,30,259.3,Walking,22
1805,56,755.1,Running,21
1385,22,383.4,Gym,60
1902,27,874.1,Running,49
1209,27,758.6,Gym,56
1474,55,900,None,0
1417,44,410.1,None,0
1346,38,479,None,0
1528,25,900,Running,28
1639,18,782.6,None,0
1938,45,721.1,Yoga,43
1954,56,555.4,None,0
1875,31,550.7,Running,73
1762,38,900,Gym,37
1178,47,502.6,Cycling,58
1181,38,192.8,Gym,66
1663,26,497,Cycling,46
1024,34,656.1,Yoga,53
1966,22,660.2,Gym,38
1179,48,308,Running,25
1709,57,653.3,Yoga,49
1500,55,756.9,Gym,31
1855,36,696.3,Yoga,34
1160,53,866.5,Cycling,58
1176,50,621.7,Yoga,83
1284,30,807.8,Running,83
1062,31,455.1,Gym,34
1661,50,293.8,Cycling,77
1665,46,461.6,Yoga,86
1155,53,355,Walking,20
1881,27,832.2,Cycling,26
1468,48,647.6,Cycling,28
1048,23,793.1,Running,20
1966,18,441.6,Running,24
1848,24,797.2,Yoga,66
1083,44,663.1,Walking,29
1360,38,475.6,Cycling,21
1688,45,763.7,Yoga,42
1147,33,680.8,None,0
1629,40,320.6,Walking,38
1341,37,876.2,Yoga,57
1475,55,608.4,Cycling,66
1062,42,541.1,Yoga,71
1700,45,532.1,Running,68
1359,22,782.6,Running,42
1560,38,777.4,Gym,69
1326,35,758.5,Walking,36
1768,23,436.3,None,0
1735,46,723.9,Cycling,21
1140,36,466.6,Walking,88
1989,50,304.5,Running,81
1214,18,649.4,None,0
1434,20,900,Cycling,80
1890,59,783.9,Gym,30
1951,38,841.1,Running,46
1722,52,900,Running,54
1317,58,366,None,0
1031,57,866.2,Walking,87
1669,20,548.4,Yoga,80
1284,42,466.2,Walking,60
1304,55,627.9,Running,62
1428,37,846.7,Walking,68
1476,51,900,Yoga,30
1285,38,444.6,Gym,86
1143,40,900,Cycling,70
1423,23,459.8,Running,71
1018,30,677.4,Walking,62
1017,40,627.4,Running,77
1768,26,472.8,Cycling,89
1589,34,275.7,Walking,48
1370,19,681.9,Gym,50
1174,36,900,Cycling,47
1193,36,900,Yoga,69
1501,24,717.8,Yoga,55
1987,59,863.5,Running,38
1112,59,814.7,Yoga,86
1113,37,900,Walking,31
1221,26,831.6,Yoga,43
1677,34,664.8,Gym,84
1946,44,415.7,None,0
1830,19,878.9,Walking,45
1643,53,478.7,None,0
1896,36,549,Running,77
1263,34,369.2,Running,61
1924,22,786.8,Yoga,48
1054,56,900,Yoga,48
1870,35,506.6,Running,28
1642,24,322.1,Walking,21
1799,34,567.9,Cycling,21
1777,56,466,Running,37
1457,53,555.8,Gym,88
1978,57,296,Walking,76
1877,21,585.6,Cycling,42
1161,55,556,Cycling,38
1379,42,800.7,Walking,38
1992,22,819.7,Running,77
1086,47,900,Cycling,68
1054,29,754.9,Gym,64
1475,21,900,None,0
1799,41,601.7,Walking,69
1177,46,263,Yoga,30
1390,26,424.5,None,0
1348,21,160.9,Running,28
1007,41,665.4,Walking,33
1832,31,682.5,Gym,40
1312,22,502.9,None,0
1758,35,900,None,0
1834,59,900,Cycling,88
1983,36,895.6,Running,28
1982,29,307.9,Running,86
1442,35,288.8,Walking,37
1766,34,900,Walking,31
1327,47,361.5,Gym,35
1053,41,558.2,Yoga,56
1760,28,317.1,Walking,39
1238,52,558.3,None,0
1228,40,449.8,Walking,34
1578,34,679.4,Walking,44
1050,18,428.5,Gym,36
1608,32,886.2,Cycling,31
1603,49,700,Yoga,61
1263,26,618.6,Gym,58
1417,32,510,Walking,75
1802,45,534.4,Cycling,72
1095,41,626,Walking,66
1087,52,487.2,Gym,44
1077,39,751.8,Running,69
1287,44,717.2,Walking,52
1119,36,900,Cycling,48
1813,29,755.7,Yoga,22
1490,37,794.7,Running,58
1911,18,308,Walking,23
1451,38,900,Walking,56
1499,18,760.7,Cycling,25
1164,27,471.2,Running,29
1181,49,900,Running,31
1468,56,769.3,Running,85
1909,39,900,Walking,22
1734,35,900,Running,84
1822,49,761.4,Walking,83
1943,44,900,Walking,54
1977,45,288.1,None,0
1006,35,750.2,Running,66
1329,56,311.6,Gym,71
1774,46,900,Yoga,53
1672,35,562.8,Yoga,44
1150,25,297.9,Gym,88
1084,48,882.4,Running,48
1146,51,870.2,Walking,83
1623,24,594.1,Cycling,72
1380,53,333.5,Gym,77
1914,35,362.3,Yoga,60
1547,55,476.2,Yoga,70
1284,26,622.5,Walking,37
1699,26,328.3,Yoga,60
1081,25,302.7,Yoga,80
1513,52,476.3,Walking,43
1896,35,350.4,Running,66
1814,22,486.5,None,0
1708,31,239.4,Yoga,55
1915,45,300,None,0
1522,47,900,None,0
1745,21,879.8,Running,88
1385,56,783,Cycling,45
1706,37,354.7,Running,73
1470,42,600.7,Walking,63
1118,45,223,Walking,52
1395,29,666.9,Walking,45
1531,19,307.8,Yoga,41
1260,31,530.5,Gym,39
1804,39,253,Yoga,21
1933,48,743.6,Running,60
1255,40,567.2,Cycling,73
1733,37,218.9,Cycling,76
1904,55,614.2,Cycling,37
1225,21,732.2,None,0
1052,32,735.4,Cycling,65
1939,41,875.6,None,0
1866,42,758.7,Gym,41
1499,18,900,Cycling,22
1505,24,860.1,None,0
1853,48,450.9,Yoga,21
1363,29,750.4,Cycling,47
1279,59,306.7,Walking,53
1592,22,798,Running,72
1713,59,598.5,Yoga,78
1157,55,654.4,Gym,29
1631,29,636.1,Yoga,21
1058,56,471.2,Walking,67
1726,35,309.8,Cycling,25
1127,19,900,Cycling,63
1735,27,830.6,Gym,73
1720,32,509.6,Running,55
1881,47,284,Cycling,27
1114,34,900,None,0
1208,21,716.4,Gym,52
1525,24,558.9,Cycling,38
1520,58,785.7,None,0
1551,48,611.8,Yoga,70
1961,56,451.4,Gym,42
1236,51,726,Gym,20
1280,23,759.5,Gym,78
1358,55,871.3,Cycling,22
1200,51,455.4,Gym,29
1757,32,503.7,Yoga,68
1277,31,754.4,Running,75
1234,23,856.6,Running,35
1493,54,204.5,Walking,58
1003,49,688.2,Yoga,63
1665,20,444.6,Yoga,27
1441,20,476.9,Gym,27
1028,39,343.7,Walking,64
1108,39,767.4,None,0
1609,27,817.5,None,0
1726,20,773.4,Yoga,36
1804,29,838.5,Yoga,74
1074,46,684.5,Yoga,75
1837,34,887.3,Cycling,63
1145,24,691.6,Yoga,72
1127,30,220.6,None,0
1852,19,900,Cycling,58
1041,21,706.2,None,0
1355,27,516.7,Yoga,44
1040,56,297.7,None,0
1933,41,900,Running,87
1033,34,894.1,Cycling,51
1016,23,526.7,Cycling,60
1676,36,398.6,Gym,26
1152,22,716.3,Yoga,37
1997,49,702.2,Walking,36
1377,27,753.7,Walking,78
1587,26,485.4,Walking,30
1598,44,863.2,Walking,70
1628,30,603.8,Running,26
1873,36,511.3,Walking,46
1341,38,406,None,0
1980,41,366,Gym,56
1026,55,422.8,Walking,24
1824,21,496.5,Gym,81
1286,41,318.5,Cycling,74
1645,52,761.9,None,0
1730,20,900,Yoga,75
1167,21,322.4,Walking,70
1609,54,479.8,Gym,87
1267,57,683.3,None,0
1748,52,581.1,Gym,80
1820,48,658.5,Yoga,52
1454,42,712.2,Cycling,74
1905,57,355.4,Walking,37
1684,30,232.7,Gym,31
1400,21,643.8,Walking,40
1921,31,604,None,0
1980,30,810.5,Running,40
1475,44,755.7,Gym,41
1701,23,185.8,Cycling,74
1633,34,451.8,None,0
1557,53,500.6,Yoga,60
1575,57,871.2,Gym,24
1129,52,320.4,Running,63
1821,34,643.6,Yoga,35
1362,58,681.5,Cycling,54
1704,19,752,Walking,24
1818,30,768.8,Walking,81
1692,19,900,Gym,45
1291,45,519.2,Yoga,80
1370,43,723.4,Running,70
1793,39,551.9,Running,88
1028,20,333.5,Cycling,75
1148,52,855.2,None,0
1778,29,347,Yoga,55
1295,41,259.9,Yoga,43
1010,22,453.8,Walking,49
1511,37,594.1,Cycling,88
1675,56,659.9,Cycling,67
1112,56,776.4,None,0
1186,30,900,Cycling,52
1806,58,370.8,Yoga,88
1743,29,200.4,Walking,69
1226,30,900,Cycling,42
1309,27,221.3,Walking,29
1097,50,388.7,None,0
1054,57,802.5,Cycling,36
1622,33,199.9,Yoga,72
1663,52,578.1,Walking,27
1757,20,446.8,Gym,63
1405,22,900,None,0
1068,43,776.4,Cycling,25
1311,28,707.6,Yoga,56
1288,24,594,Walking,73
1761,27,444.9,Running,42
1547,59,754.1,Yoga,76
1750,51,900,Yoga,70
1147,20,900,Running,77
1466,25,498.3,Running,38
1738,48,799.9,Gym,46
1243,28,534.3,Gym,44
1490,24,900,Gym,40
1848,19,451.5,Yoga,44
1957,23,848.1,Yoga,70
1506,58,526,Yoga,54
1364,49,703,Gym,89
1481,37,855.1,Walking,69
1200,51,866.7,Yoga,34
1153,33,616,Yoga,43
1449,42,728.1,Yoga,68
1500,29,771.4,Gym,87
1072,24,512.9,Cycling,26
1712,56,689.1,Gym,73
1295,34,423.6,Cycling,57
1016,28,322.3,Gym,64
1640,23,510.7,Walking,28
1216,40,514.9,Walking,74
1060,44,795.6,Yoga,71
1938,23,438.9,Gym,68
1615,55,535.5,Cycling,74
1041,19,878.6,Cycling,89
1024,39,900,Walking,22
1038,37,445.2,Yoga,87
1802,42,815.1,Cycling,57
1130,32,872.4,Gym,89
1497,46,817.6,Yoga,68
1228,25,845.4,None,0
1107,54,417,Gym,64
1171,50,791.9,Gym,48
1434,39,900,Walking,68
1477,22,713.8,Gym,43
1101,56,206.9,Running,40
1865,35,702,Yoga,42
1523,55,354.2,Running,47
1274,54,624.1,Gym,51
1612,47,860.9,Gym,41
1043,48,750.2,Walking,81
1954,27,611.8,Walking,86
1816,32,256.5,None,0
1956,59,363.9,Walking,84
1016,35,763.2,None,0
1329,40,229.7,Walking,70
1568,50,546.9,None,0
1822,33,790.9,Cycling,76
1496,55,437.9,Walking,74
1814,52,575.3,Gym,61
1011,51,641.7,None,0
1317,45,614.9,Gym,80
1591,19,785.7,None,0
1215,47,843.6,Yoga,20
1338,30,762.2,None,0
1775,58,634.3,Running,82
1990,33,185,None,0
1660,22,677.4,None,0
1080,45,669.5,Cycling,69
1726,56,746.1,Cycling,33
1484,37,328.9,Yoga,36
1373,41,711.1,Yoga,49
1975,44,430.7,Walking,70
1709,47,555.8,Yoga,81
1199,44,492.8,Cycling,43
1536,43,262.4,Running,82
1465,24,137.3,None,0
1088,59,350.8,Running,53
1267,55,549.8,Cycling,78
1654,22,532,Walking,84
1570,40,798.6,Running,52
1921,45,303.8,None,0
1488,51,560.5,None,0
1876,32,381.7,Running,31
1537,49,384.5,Walking,85
1046,43,900,Running,21
1287,48,594.2,Gym,89
1777,36,786.4,Cycling,47
1015,26,204.1,Running,61
1710,46,327.5,Running,22
1400,56,339,Walking,67
1918,21,523.9,Running,32
1793,20,237.8,Walking,76
1980,46,399.6,Cycling,22
1085,28,586,Gym,82
1249,50,642.1,Yoga,57
1390,55,697.8,Cycling,78
1781,28,387.2,Running,47
1334,44,711.7,Gym,45
1628,50,336.6,Yoga,84
1518,38,770.7,Yoga,80
1136,56,292.6,None,0
1882,48,332.6,None,0
1687,55,391,Running,51
1839,19,900,None,0
1497,44,643.6,Yoga,46
1826,53,380,Yoga,32
1726,28,766.7,Cycling,36
1476,35,900,None,0
1593,18,843.8,None,0
1222,52,504,Cycling,55
1989,52,414.7,Yoga,66
1371,48,383.5,Walking,85
1934,45,877.1,Running,51
1994,56,889.1,Walking,51
1401,18,900,Walking,89
1442,42,900,Yoga,74
1489,55,350.4,Running,59
1614,37,567.8,Walking,47
1272,20,597.2,Cycling,50
1525,19,293.1,Cycling,50
1158,35,407.1,Running,45
1151,27,389.9,Walking,23
1994,22,900,Gym,77
1619,26,588.9,None,0
1187,19,244.6,Gym,88
1812,51,588,Running,79
1097,55,649,None,0
1130,48,278.2,Running,45
1804,27,768.1,Gym,86
1170,29,554.1,Walking,87
1935,53,521.5,Walking,74
1985,38,620.1,Yoga,66
1182,23,567.9,None,0
1982,20,900,Running,35
1363,27,513.7,Walking,77
1038,22,900,Gym,20
1526,43,548.6,None,0
1887,38,511.1,Gym,25
1496,43,872.4,Cycling,71
1515,55,741,Walking,38
1348,43,866,Yoga,62
1981,25,628.3,Yoga,38
1920,22,586,None,0
1396,32,866.7,Running,51
1721,33,900,Cycling,84
1160,18,900,None,0
1015,33,636,Gym,32
1492,54,610.3,Gym,55
1425,20,677.7,Running,89
1107,48,558.9,Yoga,46
1893,30,343.5,Yoga,43
1449,33,653.3,Gym,39
1310,38,322.2,Running,28
1738,19,417.8,None,0
1169,44,819.7,Walking,20
1545,55,336.5,None,0
1413,43,308.6,Cycling,20
1250,55,644.7,Yoga,63
1758,42,722.6,None,0
1780,28,544.4,Yoga,36
1140,25,276.8,Yoga,85
1273,25,336.2,Walking,42
1415,50,781.4,Walking,60
1607,24,507.6,None,0
1738,55,516.2,Cycling,44
1890,38,272.3,Yoga,36
1038,25,862,Gym,38
1813,38,851.1,Yoga,65
1028,37,184.3,Cycling,54
1957,25,762.6,None,0
1476,48,320.5,Cycling,63
1317,46,437.8,Gym,28
1244,26,233,Walking,51
1747,32,684.2,Gym,78
1696,47,276.1,Cycling,61
1271,43,667.1,Gym,81
1439,27,274.2,Yoga,38
1747,46,900,Cycling,54
1238,33,875.6,None,0
1376,53,528.9,Walking,62
1265,37,637.3,Walking,64
1925,54,900,Gym,25
1920,39,583.8,Gym,32
1358,24,385.6,Gym,30
1339,40,251.6,None,0
1388,58,900,Yoga,88
1576,57,781.9,Walking,26
1989,46,361.3,Cycling,74
1688,33,472.6,Cycling,74
1002,55,360,Walking,38
1428,45,785.5,None,0
1141,55,414.9,Gym,28
1375,48,570.9,Running,39
1669,31,452.6,Gym,44
1323,50,624.4,None,0
1145,26,216.5,Walking,69
1957,44,900,Yoga,57
1292,41,900,Gym,85
1664,30,900,Cycling,76
1431,43,900,Yoga,41
1704,46,687,Walking,75
1948,45,433.1,Running,55
1974,45,607.5,Gym,70
1584,25,707.3,Yoga,87
1398,40,294.2,Yoga,20
1816,46,900,Cycling,67
1888,22,429.9,Gym,52
1343,59,847.5,Running,43
1963,24,900,Yoga,68
1139,59,875.4,Cycling,88
1186,53,900,Gym,77
1804,58,424.3,Gym,67
1060,44,798.3,Running,76
1996,19,727.2,Cycling,83
1938,42,257.6,Running,72
1379,26,900,Yoga,79
1709,44,141.6,None,0
1806,18,388.3,Walking,60
1439,40,900,Walking,45
1318,27,713.4,Running,78
1301,59,734.9,Running,68
1343,42,570.7,None,0
1010,20,523.9,None,0
1061,23,479.2,None,0
1844,23,762.7,None,0
1225,19,726.7,Walking,76
1152,35,541.8,Yoga,59
1710,40,253.7,None,0
1563,19,859.1,None,0
1771,29,824.4,Running,43
1570,39,794.6,None,0
1583,54,261.9,Yoga,65
1659,37,548.3,Yoga,87
1860,56,410.9,Cycling,73
1574,41,900,Yoga,52
1309,37,833.3,None,0
1884,18,865.7,Gym,54
1242,18,732,None,0
1492,34,844.6,Walking,66
1365,18,900,Walking,24
1329,47,900,Running,56
1106,58,863.3,Running,20
1225,20,900,Cycling,75
1824,28,375.4,None,0
1217,41,508.4,Cycling,83
1936,39,657.7,Gym,27
1752,43,716.1,Running,83
1505,30,638.6,Walking,76
1258,18,663.4,Gym,47
1887,41,846.3,Running,45
1773,27,688,Gym,53
1516,52,789.8,None,0
1772,41,900,Yoga,39
1053,45,770.4,Yoga,33
1046,53,318,Gym,42
1726,33,802.5,Running,86
1688,57,291.8,Yoga,38
1520,33,265.3,Yoga,58
1098,34,578.5,Gym,56
1019,32,729.6,Yoga,20
1889,33,338.4,None,0
1752,32,371.9,Walking,34
1572,51,346.1,Yoga,20
1890,28,739.2,None,0
1489,18,358.6,Gym,71
1418,32,820.7,Yoga,62
1689,43,814,Yoga,65
1849,21,702.4,Cycling,69
1061,22,472.9,Gym,39
1144,52,747.1,Gym,81
1215,30,900,None,0
1002,27,585.6,Cycling,24
1159,28,900,Cycling,85
1738,35,762.7,None,0
1997,51,482,Walking,76
1780,56,379.2,Yoga,79
1119,58,900,Running,74
1892,59,900,Running,85
1088,40,720.6,Cycling,46
1328,24,786.4,Gym,47
1579,56,533,Gym,56
1909,20,370.4,None,0
1356,29,530.5,Walking,70
1609,24,626.5,Running,32
1266,43,461.1,None,0
1616,50,626,None,0
1951,54,295.7,Gym,20
1322,32,259.8,Walking,44
1634,19,339.2,Walking,45
1987,58,805.9,Cycling,32
1540,24,653.5,Running,38
1648,49,741,Walking,29
1194,21,900,Walking,64
1920,37,878.8,Walking,34
1737,53,690.5,Running,50
1331,49,751.7,Cycling,27
1169,45,496.8,Yoga,49
1520,30,838.4,Gym,20
1462,18,853.6,None,0
1039,52,900,None,0
1536,47,809,Running,46
1260,53,270,Running,59
1394,42,206.4,None,0
1954,33,843.7,Running,89
1225,36,522.1,Yoga,76
1983,18,672.9,Gym,67
1123,22,900,Gym,59
1974,39,614.4,Walking,58
1037,41,417.9,None,0
1327,54,640.1,None,0
1250,53,900,None,0
1900,53,803.5,Walking,42
1175,21,396.6,None,0
1601,53,178.6,Cycling,81
1913,35,440,Running,53
1453,33,644.2,Cycling,36
1036,58,576.1,Running,67
1315,35,900,Gym,72
1687,39,373.5,None,0
1972,19,716.8,Cycling,30
1795,38,686.4,Gym,34
1964,53,456.6,Walking,30
1972,56,802.7,None,0
1592,56,685.7,Gym,66
1113,46,900,Yoga,27
1039,43,658,Cycling,24
1300,38,900,None,0
1223,34,420.4,None,0
1317,33,889.5,Running,40
1348,48,400.7,Gym,31
1114,26,506.3,None,0
1697,48,361.7,None,0
1322,31,485.5,Cycling,29
1567,54,376.2,Running,35
1039,19,893.7,None,0
1865,31,900,None,0
1039,50,754.3,Cycling,23
1858,52,527.2,Cycling,41
1972,56,472.8,Yoga,54
1748,37,622.3,Gym,33
1288,19,867.9,Yoga,50
1261,58,630.7,Walking,89
1215,36,722.6,None,0
1146,54,363.1,Cycling,55
1335,35,374.3,Gym,43
1167,33,255.3,Walking,59
1091,21,732.8,None,0
1352,29,900,Walking,40
1570,46,754.7,Yoga,70
1570,24,411.1,Walking,74
1815,31,354.1,Running,23
1680,29,653.2,Running,81
1780,52,404.2,Running,44
1362,22,775.9,None,0
1556,34,785.1,Walking,33
1344,59,225.1,None,0
1692,49,561.7,None,0
1169,27,837.3,Cycling,57
1355,34,752.7,Gym,81
1190,22,459.6,Running,60
1666,59,710.9,Running,64
1421,26,785.9,Running,35
1699,50,899.1,Yoga,38
1006,53,635.1,Yoga,56
1132,53,866.3,Running,80
1746,35,900,Running,45
1556,26,430.5,None,0
1825,46,605.9,Yoga,32
1760,31,351.6,Gym,53
1030,42,748.3,Cycling,42
1534,32,900,Gym,39
1425,23,547.1,None,0
1393,59,394.3,Cycling,77
1671,46,465.4,Walking,78
1362,32,562,Walking,39
1436,46,716.2,Gym,58
1669,21,846.8,Yoga,51
1550,35,823.1,Running,60
1926,56,635.4,Walking,88
1081,33,424.1,None,0
1355,28,426.3,Yoga,40
1257,31,333.9,Yoga,43
1717,20,604.8,Cycling,35
1588,59,900,Walking,51
1988,55,344.7,Gym,45
1523,59,763.8,None,0
1294,35,546.6,Yoga,26
1961,37,670.5,Gym,35
1223,42,835.3,Gym,72
1524,55,604.6,None,0
1045,30,234.8,Walking,64
1666,21,782,None,0
1112,31,362.9,Gym,77
1232,50,541,Gym,32
1016,45,583.3,Running,41
1359,54,678.2,None,0
1222,25,504.5,Gym,63
1865,51,263.7,Running,49
1699,22,748,Walking,42
1447,22,882,Gym,31
1855,48,253.2,Yoga,33
1364,26,716.3,None,0
1674,59,900,Gym,64
1325,49,900,Running,43
1466,50,748,Yoga,22
1413,20,900,Walking,70
1454,47,889.7,None,0
1585,29,568.3,Cycling,57
1232,46,816.9,Cycling,39
1223,20,316.8,Running,21
1993,43,815.6,Walking,45
1830,47,885.8,Walking,21
1411,26,403.6,Gym,86
1571,43,631.4,Cycling,61
1334,19,340.5,Gym,59
1221,20,640.1,Walking,28
1036,21,634.6,Running,21
1988,42,350,Running,47
1277,30,900,Yoga,22
1195,56,742.2,Running,35
1915,52,867.4,Cycling,23
1863,40,366.9,Yoga,42
1483,26,447.7,Cycling,25
1241,19,815.9,Gym,74
1323,58,559.2,Gym,27
1730,48,900,Running,83
1191,19,900,Yoga,86
1016,49,837.9,Cycling,60
1523,35,520.2,Cycling,59
1917,30,333.9,Walking,46
1400,22,510,Running,58
1905,59,248,None,0
1885,27,900,Gym,59
1704,42,406.8,None,0
1021,51,743.1,Walking,56
1473,54,607.5,Gym,86
1119,47,546.1,Gym,38
1209,24,311.5,Cycling,53
1305,23,855.5,Gym,85
1269,20,856.9,Yoga,29
1703,30,566.5,Gym,71
1686,20,710.4,Yoga,61
1284,43,709.7,Gym,79
1715,41,842,Walking,21
1675,23,849.3,Cycling,20
1762,59,406,Walking,69
1226,29,793.5,Cycling,55
1947,53,666.4,Walking,41
1380,19,421.1,Running,55
1459,28,900,Gym,22
1006,56,307.5,Gym,63
1028,51,532.2,Running,35
1906,43,900,Running,30
1032,35,385,Yoga,29
1645,38,886.9,Walking,70
1878,53,899.2,Gym,61
1078,57,317.5,Yoga,44
1927,39,618.6,None,0
1946,47,797.6,Gym,63
1458,47,400.2,Running,27
1569,25,856.7,Yoga,53
1982,51,326,None,0
1537,26,339.3,Yoga,20
1481,37,424.2,Yoga,22
1429,57,851.1,Walking,71
1737,42,663.1,None,0
1284,36,224.4,Yoga,66
1515,22,698.5,Gym,38
1976,28,549.6,Walking,89
1098,32,439.2,Gym,66
1396,25,539.1,None,0
1488,36,403.3,Yoga,83
1038,40,389.4,Yoga,64
1270,44,900,None,0
1886,57,738,Gym,64
1796,49,514.3,Cycling,55
1156,43,624.6,Yoga,28
1074,44,900,Yoga,42
1883,36,275.4,Walking,51
1799,59,786.7,Gym,64
1129,46,249.6,Yoga,47
1686,56,692.1,Gym,71
1973,58,502.5,Walking,30
1083,50,648.6,Gym,38
1021,36,480.2,Gym,83
1458,54,771.1,Walking,84
1538,36,503.7,Yoga,76
1706,50,532.6,Gym,85
1848,33,900,Cycling,23
1381,40,761.9,Yoga,48
1747,24,624.3,Walking,23
1439,43,234.3,Running,20
1603,49,890.4,None,0
1988,29,204.7,Cycling,32
1020,25,577.7,Yoga,89
1302,22,900,None,0
1975,59,549.6,Walking,66
1868,45,610.8,Cycling,49
1954,22,529.6,Yoga,46
1083,43,638.8,None,0
1773,22,900,Running,21
1658,39,635.2,Yoga,39
1952,32,726.2,Running,43
1452,30,654.5,Running,63
1386,45,455.8,Gym,40
1506,50,318,Walking,41
1256,40,826.9,Gym,77
1569,50,495,Running,30
1891,35,545.7,Walking,72
1933,47,496.2,Walking,28
1526,43,305,Walking,86
1161,33,715.7,Cycling,71
1956,30,829.5,Yoga,32
1162,56,304.1,Running,20
1831,50,896.8,Walking,63
1792,43,900,None,0
1791,18,858.7,Cycling,24
1523,55,367.9,Cycling,85
1785,19,547.2,None,0
1270,23,466.4,Running,83
1491,55,497.1,Gym,34
1207,59,503.5,Cycling,87
1538,41,891.6,Running,73
1583,35,349.5,Cycling,30
1059,44,611.4,Running,42
1429,58,900,Walking,20
1984,25,771.8,Gym,61
1656,45,493,None,0
1604,27,900,Cycling,87
1308,34,450.8,None,0
1519,46,738.1,Cycling,21
1590,23,459.3,Cycling,64
1026,31,767,Yoga,46
1685,39,463.8,Yoga,80
1561,23,704.5,None,0
1198,43,473.3,Walking,88
1386,56,649.9,Cycling,48
1348,29,900,Gym,44
1959,52,657.4,Yoga,73
1939,31,397.2,Running,67
1692,39,813.1,Running,65
1535,40,352.7,Running,60
1827,24,406.7,Walking,60
1377,57,470.5,Cycling,80
1898,42,340,Cycling,30
1915,30,840,None,0
1557,38,784.3,Yoga,51
1526,58,829.1,Running,68
1152,27,245.5,Walking,25
1733,26,271.9,None,0
1205,32,834,Gym,25
1454,19,629.2,Cycling,66
1272,42,668.7,Cycling,82
1893,30,332.9,Walking,68
1235,51,338.8,None,0
1851,51,533.4,None,0
1739,52,214.6,Yoga,38
1520,55,900,Walking,74
1677,20,228.5,None,0
1943,59,695.8,Yoga,60
1955,23,900,None,0
1830,36,529.9,Cycling,76
1725,20,900,Yoga,35
1500,35,315.1,None,0
1116,56,520.3,Yoga,57
1385,26,302,Yoga,28
1343,29,476.4,None,0
1583,22,900,Yoga,65
1394,20,878.7,Running,56
1063,28,440.1,Running,62
1716,47,439.5,None,0
1720,21,813.9,Running,25
1071,22,741.9,Running,57
1788,18,308,Walking,80
1273,44,315.3,Gym,23
1989,45,350.3,None,0
1319,46,781.1,Yoga,89
1337,35,900,Walking,79
1365,29,900,None,0
1494,30,292.3,Running,78
1606,58,676.2,Yoga,26
1165,19,402.4,Gym,87
1543,54,900,None,0
1010,33,472.3,Yoga,67
1300,41,620,Cycling,61
1728,52,593,Cycling,49
1800,39,679.1,None,0
1101,53,900,Walking,54
1424,28,764.8,Gym,81
1391,46,900,Walking,70
1778,52,286.3,Yoga,69
1213,32,759.8,Gym,49
1690,48,900,None,0
1087,59,624.6,Walking,69
1552,58,472.6,Yoga,73
1400,33,676.3,Running,23
1587,27,201.3,Yoga,31
1888,49,519.5,Walking,34
1045,19,357.8,None,0
1671,41,784.2,None,0
1462,40,340.5,Gym,80
1591,19,374.6,Gym,38
1309,55,428.9,Running,72
1085,48,221.9,Walking,76
1091,57,415,None,0
1659,43,846.5,None,0
1672,46,592.3,Running,26
1713,20,793.2,Cycling,36
1935,31,279.3,None,0
1927,42,680.4,Yoga,57
1241,18,571.8,Cycling,66
1864,20,709.2,Cycling,29
1001,43,721.2,Running,43
1224,35,812.8,Running,69
1800,26,900,Yoga,87
1744,55,298.5,Running,62
1972,40,709.7,Running,56
1925,38,900,Running,64
1928,18,801.9,None,0
1588,38,723.8,Running,62
1115,44,677.8,Running,87
1665,59,230.2,Cycling,56
1917,23,272.6,Cycling,60
1102,53,387.9,Yoga,20
1193,45,587.4,Gym,35
1165,34,293.8,Yoga,56
1870,57,872.5,None,0
1089,20,635,None,0
1685,29,160.9,None,0
1121,56,900,Walking,70
1142,29,789.5,Yoga,83
1993,19,900,Yoga,41
1105,39,861.3,Running,62
1886,40,434.6,Running,81
1427,47,802.3,Running,73
1304,22,900,Gym,46
1871,26,651.2,None,0
1970,38,900,Running,35
1316,28,472.8,Walking,30
1962,22,631.4,Cycling,40
1634,52,600,Walking,28
1901,44,441.7,Gym,46
1008,19,407.1,Running,42
1773,41,393.1,Yoga,70
1072,48,365.6,Cycling,22
1358,50,591,None,0
1222,56,800.7,Gym,27
1415,47,389.6,Walking,61
1552,54,675.2,Running,54
1369,45,807,Gym,67
1715,48,385.1,Gym,73
1263,28,787.6,Yoga,55
1839,40,445.5,None,0
1689,19,498.9,Yoga,31
1859,57,377.9,Yoga,78
1317,58,468.5,None,0
1083,44,654.7,Walking,69
1317,52,336.9,Yoga,62
1110,19,900,None,0
1250,56,429.3,Gym,68
1382,54,585.7,Gym,74
1006,38,446,None,0
1458,22,703.3,Gym,40
1083,38,583.4,Cycling,32
1207,46,900,Cycling,61
1899,37,812.7,None,0
1389,55,629.7,None,0
1313,37,818.2,Walking,20
1021,42,575.2,None,0
1409,19,555.5,Yoga,53
1894,49,216.1,Gym,61
1514,43,535.2,Yoga,81
1126,23,557.1,None,0
1808,58,321.1,Gym,80
1699,20,448.2,Cycling,73
1873,50,517.9,Gym,77
1013,18,678.9,Walking,43
1970,22,349.9,Running,46
1977,30,445.1,Gym,40
1011,36,343.2,None,0
1086,29,674.4,Walking,74
1523,42,900,Cycling,87
1908,52,377.1,Cycling,66
1536,29,659.8,Running,73
1300,47,880.6,None,0
1242,22,844.9,Yoga,83
1121,51,544.1,Yoga,68
1146,39,430.1,Gym,54
1566,56,683.4,Cycling,58
1749,30,209.8,Walking,77
1355,20,832.8,Running,76
1684,37,779.6,Yoga,25
1903,48,762.2,Gym,39
1732,22,362.7,Gym,69
1630,41,860.5,Cycling,28
1308,57,343.5,Walking,33
1694,50,468.6,Walking,42
1287,25,300.6,Yoga,67
1306,41,421,Gym,75
1811,37,866.5,Cycling,59
1593,33,491.9,Walking,88
1965,29,824.3,Gym,58
1913,30,771.2,Walking,62
1722,59,900,Running,50
1661,56,245.1,Walking,89
1548,42,335.5,Walking,22
1351,49,391.6,Gym,23
1311,41,754.1,Walking,46
1872,26,379.8,Walking,46
1058,57,290.9,Running,66
1642,40,533,Walking,79
1923,30,287.4,Walking,55
1713,49,260,Gym,65
1754,32,525.4,Cycling,80
1034,53,835.7,Running,61
1444,22,451.9,Walking,26
1092,39,805.4,Cycling,49
1949,33,900,Gym,69
1958,58,775,Running,66
1206,27,497.6,None,0
1352,41,477.9,Gym,24
1902,35,739.8,Cycling,89
1331,35,716.3,Running,77
1816,24,439.2,Walking,63
1861,21,671.6,Cycling,51
1724,43,819,Gym,59
1158,22,805.1,Running,76
1953,33,703.1,Cycling,30
1956,52,665.4,None,0
1023,43,820.7,Cycling,66
1403,35,797,Gym,21
1804,46,603.6,Gym,71
1515,40,900,Walking,68
1731,31,900,Walking,78
1363,32,805.9,Cycling,57
1381,50,605.5,Gym,35
1531,42,396.1,Cycling,46
1955,38,365.2,Yoga,47
1151,34,850,None,0
1561,40,388,Gym,64
1688,34,900,Yoga,52
1946,31,834.8,Yoga,79
1607,46,269.4,Gym,69
1616,37,900,Walking,65
1419,47,863.4,Cycling,54
1249,36,644.4,Running,60
1116,56,717.7,Running,77
1865,30,469.6,None,0
1511,35,473.1,Gym,24
1739,40,858.7,Walking,24
1577,50,659.3,Walking,41
1334,56,437,Walking,53
1417,57,407,Running,84
1931,35,437.2,Yoga,78
1773,26,900,None,0
1294,50,306.3,Running,70
1937,49,534.6,Walking,68
1754,34,370.4,Running,28
1370,36,484.7,Running,34
1185,44,267.7,None,0
1245,23,428.7,Cycling,72
1636,52,886.2,Gym,44
1267,54,407.7,Yoga,47
1642,51,390.8,Cycling,42
1236,37,900,Gym,22
1529,42,784.1,Walking,52
1551,21,778,None,0
1020,27,455.7,None,0
1910,27,249.8,Cycling,86
1736,41,621.2,Gym,86
1866,38,557.7,None,0
1793,28,676.6,Cycling,27
1519,44,563.8,None,0
1099,33,396.8,Running,79
1751,43,824.6,Running,75
1477,47,431,Cycling,89
1598,33,400.5,Cycling,41
1297,24,594.4,Yoga,52
1939,33,440.3,Walking,69
1525,52,809.9,Running,65
1333,33,900,None,0
1001,57,624.3,Cycling,85
1374,29,580.1,Gym,40
1292,52,388.1,None,0
1836,38,231.8,Walking,67
1933,53,900,Gym,32
1552,34,406.8,None,0
1317,49,640.6,Walking,24
1501,58,759.3,Gym,37
1827,23,457.2,Running,56
1380,41,683.4,Cycling,73
1622,44,494.5,None,0
1013,37,573.4,Cycling,47
1503,42,659.5,Yoga,64
1230,19,856.8,None,0
1984,26,424.6,Cycling,84
1083,45,807.7,None,0
1129,55,497.3,Running,61
1742,20,749.8,Walking,52
1837,37,469.3,Walking,35
1144,23,800.4,Cycling,32
1890,56,698,Gym,40
1856,50,900,Cycling,78
1027,18,859.5,None,0
1065,54,735.5,Walking,58
1162,23,270.5,None,0
1228,51,724,Yoga,46
1260,32,506.7,Walking,56
1448,43,409.4,Gym,22
1423,31,330.7,Gym,26
1459,24,712.8,Yoga,77
1951,48,886.5,None,0
1675,41,375.9,None,0
1300,48,783,None,0
1918,46,460.7,Gym,68
1302,59,900,Cycling,56
1286,49,531.1,Cycling,25
1394,34,591.2,Walking,25
1009,31,900,Running,47
1706,57,694.4,Cycling,32
1629,53,809.3,Cycling,32
1269,41,842,None,0
1591,44,330.6,None,0
1969,42,254.6,Yoga,42
1604,49,388.2,Cycling,56
1777,35,697.9,Walking,27
1843,35,578.3,None,0
1861,54,737.9,Yoga,24
1360,43,529.4,Cycling,46
1256,26,601.9,Walking,38
1132,52,441.8,Yoga,62
1275,25,900,Running,62
1775,37,622.3,None,0
1682,59,732.1,Walking,74
1971,39,452.2,Cycling,80
1512,36,900,Yoga,66
1312,47,262.1,Running,75
1575,45,900,Walking,37
1885,52,751,Running,84
1979,28,568,Walking,72
1283,48,462.4,Cycling,30
1120,56,351.4,Walking,20
1106,53,518.9,Cycling,27
1932,47,612.3,Walking,38
1686,40,803.7,Yoga,74
1996,36,667.9,Walking,35
1203,29,900,Walking,85
1164,32,353.8,Gym,31
1304,48,811.7,Gym,81
1496,54,800.1,Walking,77
1631,54,893.2,Gym,40
1555,32,723.7,Cycling,56
1823,46,369.4,Gym,24
1155,43,235.4,Walking,89
1366,19,722.6,None,0
1718,37,900,Running,86
1901,32,596.8,None,0
1619,21,900,None,0
1250,39,856.2,None,0
1956,55,857.8,None,0
1915,40,900,Running,66
1881,43,589.7,Walking,68
1333,28,678.4,Walking,43
1641,45,736,Running,45
1968,19,578,Yoga,74
1510,25,577,Gym,26
1292,46,729.7,Yoga,60
1019,28,496.1,Cycling,21
1281,54,570.9,None,0
1796,35,547.8,None,0
1000,31,773.8,Running,75
1118,27,858.8,Running,43
1034,52,293.7,Yoga,31
1197,26,504.2,Cycling,34
1484,52,818.1,Yoga,67
1756,28,397.4,Cycling,80
1058,29,311.4,Walking,47
1836,20,900,None,0
1160,56,679.2,Walking,35
1690,31,834.6,Running,55
1205,45,900,Walking,23
1011,28,616.1,Yoga,28
1489,56,434.6,Cycling,31
1275,42,370.1,Running,63
1692,38,877.2,Walking,85
1241,27,796.6,Running,38
1215,32,836.8,Running,32
1250,36,513.8,Cycling,74
1810,39,900,Yoga,84
1125,38,428.4,None,0
1993,49,660.8,Yoga,22
1216,40,351.1,Gym,44
1305,30,398.9,Yoga,71
1796,22,334.2,Walking,35
1184,21,900,Gym,62
1038,45,581.8,Gym,75
1222,31,321,Gym,87
1183,25,362.2,Gym,27
1494,26,401,Yoga,63
1426,52,750.1,Gym,57
1177,54,745.2,Walking,42
1918,38,810.5,Walking,25
1427,35,840.9,Running,62
1293,50,864.4,Walking,63
1851,25,295.5,None,0
1150,34,743.4,Running,35
1383,48,457.1,Walking,28
1637,51,595.7,Gym,28
1812,23,773.1,Cycling,77
1307,39,239.4,Gym,84
1335,31,869.8,Yoga,78
1945,20,247.3,Running,42
1745,29,676.8,Cycling,88
1891,53,543.9,Walking,38
1374,29,900,Gym,54
1007,19,505.9,Running,74
1340,19,900,Running,59
1128,32,565.8,Walking,33
1775,40,265.5,Running,32
1668,46,900,Walking,72
1351,34,693.9,Walking,58
1357,49,427.3,Gym,84
1516,24,900,Running,75
1494,47,625.2,Yoga,59
1085,45,523.9,Yoga,65
1174,31,724.8,Gym,26
1801,47,423.2,Gym,64
1192,34,463,Walking,41
1310,49,311.4,Yoga,26
1118,23,656.8,Running,71
1217,41,877.4,Yoga,87
1426,23,900,Gym,89
1969,44,794.3,Gym,86
1413,35,794.1,Walking,22
1113,41,665,Running,77
1977,54,297.4,Gym,86
1144,41,383.2,None,0
1537,55,400,Running,28
1647,51,890.1,Yoga,73
1302,57,205.3,Walking,70
1743,32,900,Yoga,35
1880,28,367.4,None,0
1587,39,197.9,Gym,39
1986,41,681.1,Gym,72
1839,18,445.2,Running,50
1344,35,875.1,Gym,40
1813,29,565.7,None,0
1963,45,719.9,Running,40
1800,57,464.8,None,0
1000,24,463.6,Cycling,24
1146,40,695.3,Gym,88
1286,38,794.3,Yoga,66
1975,51,672.1,Yoga,39
1653,28,211.1,Running,57
1052,39,498.9,None,0
1303,59,699.6,None,0
1068,52,621.7,None,0
1360,46,858.1,None,0
1601,59,604.3,Cycling,51
1957,45,870.6,Gym,81
1219,35,765.3,None,0
1961,31,735.8,Walking,52
1703,35,414.7,Walking,86
1965,45,417.4,Yoga,25
1574,41,888.2,Gym,85
1584,25,671.7,Walking,51
1160,59,426.3,Running,83
1680,25,279.8,Gym,45
1088,21,897,Yoga,81
1687,44,627.4,Cycling,24
1780,53,206.7,Running,30
1584,22,388.3,Running,68
1756,50,549,None,0
1588,51,493.4,Gym,79
1158,47,799.4,Cycling,21
1488,25,590.8,Running,78
1970,56,390.3,Cycling,44
1323,43,674.2,Yoga,87
1609,54,653.1,Running,61
1380,51,591.1,Walking,74
1101,24,371.2,Yoga,57
1493,57,682.1,Yoga,62
1643,45,386.8,None,0
1613,56,595,Running,72
1018,56,900,Walking,40
1453,45,332.1,Cycling,39
1481,31,735.2,Walking,38
1593,55,379.2,Yoga,52
1396,21,483.2,Running,82
1278,59,813.9,Walking,87
1850,35,461.4,Walking,79
1364,42,587.7,Yoga,38
1330,24,512.2,Cycling,47
1640,55,726,Walking,41
1343,45,466.6,None,0
1821,22,891,Walking,82
1454,20,271.6,Gym,81
1600,48,764,Yoga,48
1724,59,856.2,Gym,51
1654,37,763.1,Yoga,44
1064,36,553.4,Yoga,35
1075,28,613,Gym,34
1710,57,900,Cycling,78
1142,20,561.1,Cycling,67
1916,40,359,Yoga,37
1914,24,557.9,Gym,42
1827,40,633,Walking,74
1604,24,866.5,Yoga,61
1472,51,862.6,None,0
1416,59,900,Yoga,71
1304,36,435.9,Running,30
1735,26,626.5,Cycling,74
1496,35,900,Gym,44
1290,58,622.3,Walking,60
1939,59,580.4,None,0
1101,42,589,Walking,74
1985,31,818.6,None,0
1266,42,684,Yoga,55
1866,36,885.5,Walking,76
1967,56,652.9,Walking,82
1621,32,444.2,Yoga,39
1973,33,688.3,Cycling,66
1841,44,646.7,Running,39
1961,57,900,Cycling,25
1941,27,514.6,Cycling,48
1776,21,756.5,Running,68
1002,36,820.8,Yoga,25
1084,45,733.8,Cycling,58
1793,38,376.5,Gym,51
1327,31,732.8,Gym,68
1815,50,310.8,Running,62
1449,27,712.8,Gym,47
1453,36,779.8,Yoga,64
1923,47,900,Walking,84
1628,39,475.4,Yoga,69
1220,20,900,Running,73
1153,54,382.1,Walking,70
1664,58,721.2,Gym,62
1011,35,493.4,Cycling,83
1132,28,747.4,Gym,49
1993,19,759.4,Yoga,61
1303,29,900,Yoga,57
1292,23,586.4,Running,85
1974,57,678,Cycling,88
1299,46,365,Cycling,34
1739,47,883.5,Walking,80
1782,19,850.4,Walking,25
1042,26,629.7,Yoga,43
1943,19,385.8,Running,33
1342,46,859.7,Yoga,31
1325,50,337.2,None,0
1813,27,463.4,Cycling,87
1497,51,268.4,Cycling,63
1363,25,371.7,Yoga,70
1890,54,481.8,Cycling,57
1426,50,635.1,Walking,60
1020,23,852.9,Cycling,63
1406,57,510.1,Walking,35
1618,36,776.6,Gym,69
1335,49,859.8,Running,57
1814,44,481.3,Running,24
1116,18,555.2,Cycling,28
1123,50,686.8,Running,58
1398,57,844,None,0
1792,49,330.3,Gym,51
1803,22,584,Cycling,83
1714,34,540,Walking,52
1050,25,762.9,Gym,37
1782,59,508,None,0
1323,51,565.9,Gym,24
1788,26,845.5,Running,78
1140,40,605.8,None,0
1469,52,351.1,Walking,35
1786,24,766.9,Yoga,67
1801,32,900,Gym,85
1333,37,840.4,Running,27
1892,42,393.5,Gym,63
1963,20,597.6,Walking,40
1372,41,766.1,Walking,45
1563,51,541.3,Cycling,54
1493,39,391.2,Yoga,34
1538,28,890.6,Yoga,59
1668,25,597.4,Running,49
1750,56,514.2,Yoga,85
1155,52,742.5,Walking,32
1290,55,874.6,Yoga,20
1647,25,496.4,Running,62
1143,54,896.5,Gym,47
1105,44,590,Yoga,20
1419,45,536.7,Yoga,59
1669,57,512.7,Walking,53
1657,51,705.9,Walking,32
1001,49,661.2,Gym,80
1944,32,401.3,None,0
1588,34,272.9,None,0
1643,50,399.4,Cycling,32
1089,33,428.5,Yoga,55
1344,46,211.3,Walking,80
1349,26,644.8,Cycling,77
1458,50,900,Yoga,34
1262,46,900,Yoga,31
1350,30,474.7,Cycling,88
1107,38,515.8,Walking,80
1585,38,621.6,Gym,61
1038,22,504.8,None,0
1908,27,900,Yoga,21
1158,23,353.5,Running,27
1582,30,809.2,Running,73
1958,18,806.6,Running,27
1311,37,273.8,Gym,32
1240,25,389.1,None,0
1937,27,819.8,Yoga,32
1444,26,900,Walking,77
1297,58,571.1,Walking,82
1951,20,251.1,None,0
1035,28,519.7,Gym,57
1083,29,358.7,None,0
1451,27,796.3,Yoga,88
1885,42,406.6,Cycling,59
1774,42,837,Cycling,20
1821,28,478.7,Yoga,21
1384,53,524.7,Yoga,48
1171,56,579.6,Walking,26
1375,43,605.1,Gym,76
1684,31,365.4,Gym,74
1361,56,900,None,0
1558,57,900,Walking,26
1890,18,278.7,Running,29
1140,21,565.4,Cycling,58
1886,47,431.8,Yoga,77
1917,29,320.8,None,0
1117,52,518.7,Cycling,33
1276,30,900,Cycling,20
1725,48,472.8,None,0
1219,55,659.1,Gym,68
1904,40,637.3,Walking,35
1025,21,900,Running,26
1520,33,869.3,Running,34
1782,24,763,None,0
1009,39,348,None,0
1983,46,845.3,Walking,78
1377,28,304.6,Cycling,67
1632,50,787.7,Walking,69
1636,46,654.9,Walking,29
1681,56,555.4,Yoga,71
1583,29,672.4,Yoga,87
1151,24,640,Cycling,49
1719,56,420.3,Gym,53
1048,59,628.7,Running,84
1153,43,900,Yoga,79
1858,57,697.3,Cycling,27
1292,26,782.2,None,0
1579,58,823.6,Walking,88
1049,51,567.4,Yoga,76
1663,30,288.2,Walking,64
1530,53,676.6,Walking,68
1611,42,440.3,Yoga,81
1059,41,489.9,Cycling,58
1166,34,880.8,None,0
1201,19,874.7,Running,72
1856,30,733.5,Cycling,64
1145,48,884.5,Gym,47
1914,46,498,Gym,72
1675,45,802.6,Running,28
1969,44,262.2,None,0
1992,32,176.7,Gym,46
1438,48,601.9,Walking,41
1241,57,900,Gym,49
1580,32,856.4,Yoga,34
1686,50,791.5,Walking,34
1560,37,900,Cycling,72
1482,59,622.7,None,0
1107,29,536.3,Running,89
1225,54,900,Yoga,35
1672,26,742.6,Yoga,84
1630,40,900,Running,64
1660,25,829.8,Gym,26
1976,49,805.2,Running,64
1661,31,424.3,Running,58
1431,44,415.2,Gym,69
1804,42,604.7,Cycling,68
1654,30,857.2,None,0
1418,38,400.1,Running,68
1987,48,568.3,Gym,59
1454,54,798.2,Yoga,58
1159,22,900,Running,76
1522,30,719.9,None,0
1649,45,639.4,Running,75
1968,42,710.1,Cycling,21
1589,52,605.8,Cycling,45
1076,56,619,Yoga,42
1508,24,341.1,Cycling,37
1440,55,714.5,None,0
1253,49,761.8,Yoga,79
1920,20,230.5,Running,21
1769,56,205.4,Gym,68
1319,54,849.2,Cycling,57
1802,39,657.5,Yoga,50
1262,25,755.5,Cycling,59
1596,34,883.3,Cycling,72
1657,44,650.4,Walking,83
1834,50,635.4,Running,52
1553,34,464.4,Cycling,77
1373,59,235.9,Gym,69
1636,29,286.9,None,0
1166,44,900,Walking,22
1936,25,488.7,Yoga,80
1752,40,813.1,Yoga,29
1458,59,535.1,Gym,85
1998,46,892.8,Gym,70
1279,37,576.8,None,0
1699,33,713.6,Running,44
1301,34,750.9,Gym,62
1530,33,402.4,Yoga,83
1579,36,661.3,Running,78
1217,25,636.6,Gym,81
1101,55,812.3,Gym,29
1553,55,245.1,Yoga,83
1287,46,831.4,Running,79
1166,58,868.2,Walking,39
1620,53,469.8,Walking,68
1035,43,474,None,0
1743,48,807.6,Running,70
1740,29,895.1,Gym,76
1352,34,752.4,Gym,56
1675,32,403.8,Running,22
1898,26,427.5,Walking,48
1072,56,900,None,0
1647,59,764.1,Cycling,66
1352,29,900,Yoga,88
1890,49,773,Running,40
1069,42,785.4,None,0
1424,56,296.4,Cycling,40
1998,35,314.1,Yoga,21
1707,32,348,Cycling,88
1780,49,900,Cycling,26
1560,23,478.3,Yoga,54
1827,52,462,Cycling,49
1641,51,610.6,Walking,63
1955,55,373,None,0
1516,22,547.9,Running,74
1427,35,495.7,None,0
1538,33,417.5,Walking,73
1159,25,365.4,Walking,20
1148,42,372.8,Yoga,82
1775,49,420.6,Yoga,74
1229,43,260.2,Yoga,46
1711,39,853.9,Cycling,34
1561,48,333.2,Cycling,28
1066,27,572.4,Running,88
1811,29,797.5,Cycling,78
1380,45,692.5,Running,42
1057,23,402.7,Walking,30
1258,37,753.5,Running,43
1341,22,238.1,Running,73
1837,40,776.3,Yoga,50
1129,26,249.7,Cycling,41
1726,46,897.8,Gym,33
1171,33,886.7,Gym,24
1769,39,782,Yoga,36
1613,25,781.6,None,0
1208,37,512,None,0
1802,31,828.6,None,0
1353,56,551.5,Walking,23
1470,54,248.5,Walking,28
1797,51,500,Walking,55
1115,28,832.2,Running,70
1263,57,275.6,Cycling,51
1661,50,370.2,Walking,37
1811,48,616.8,Gym,34
1441,51,746.5,Running,39
1547,24,539.6,Walking,77
1452,40,813.7,Walking,59
1844,24,735.9,None,0
1476,42,265.9,None,0
1286,20,866.5,Cycling,32
1302,55,766.5,Cycling,81
1310,37,495,Running,47
1207,51,900,Gym,65
1617,47,587.2,Yoga,34
1445,34,751.9,None,0
1669,27,362.3,Gym,42
1632,52,631.4,None,0
1054,37,710.6,Cycling,85
1911,35,900,Cycling,69
1011,44,900,Yoga,32
1656,53,346.3,Gym,21
1399,40,877.7,Gym,53
1907,49,900,Yoga,59
1647,27,739.3,Cycling,88
1979,28,300.8,Running,80
1514,55,688.4,Gym,44
1655,23,267.6,Walking,82
1541,58,900,Gym,47
1236,51,497.2,Gym,75
1278,53,399.4,Gym,45
1347,54,637.9,Cycling,46
1626,34,848,Walking,45
1103,57,361.1,Gym,34
1629,57,665.6,Running,69
1516,29,424.2,None,0
1979,38,580.2,None,0
1871,57,579.7,Walking,23
1247,36,650.8,Yoga,49
1363,20,779.5,Running,28
1320,35,702.4,Yoga,61
1632,36,198.7,Gym,33
1285,23,363,Cycling,59
1148,33,900,Gym,22
1083,25,263.1,Gym,60
1965,35,627.8,Yoga,52
1405,56,677.4,Gym,79
1977,29,900,Running,83
1455,27,615.2,Cycling,81
1742,24,900,Yoga,26
1799,18,548.5,Walking,69
1160,53,502.2,None,0
1783,38,900,Gym,66
1459,54,354.6,None,0
1549,41,900,Yoga,45
1499,42,411.9,None,0
1737,24,816.5,Gym,70
1508,59,401.7,Gym,71
1653,34,612.6,Yoga,35
1803,46,238.4,Running,67
1480,47,881.9,Walking,46
1662,24,640.5,Gym,52
1113,50,504.7,Running,42
1748,24,470.9,Gym,64
1577,41,274.8,Gym,41
1360,28,446.3,Running,61
1340,26,714.5,Gym,52
1769,29,422.6,Walking,29
1986,52,531.2,None,0
1760,21,349.3,Yoga,58
1968,53,691,None,0
1448,45,474.6,Running,70
1842,30,882,None,0
1834,40,649.1,Cycling,34
1179,36,900,Gym,77
1701,59,587,Yoga,78
1406,54,574.4,Walking,45
1665,56,697.5,Walking,60
1195,41,900,Cycling,63
1465,33,574.6,None,0
1310,50,232.2,Walking,56
1261,29,361.2,None,0
1418,51,900,Yoga,23
1405,24,399.8,Cycling,43
1938,28,574.1,None,0
1142,48,866.1,Running,82
1341,46,441.8,None,0
1315,30,874.8,None,0
1100,48,347.5,Cycling,32
1243,19,269.8,Running,46
1489,56,550.3,Walking,36
1011,32,327.7,Yoga,88
1238,28,781.6,None,0
1560,51,826.4,Gym,37
1041,56,885.3,Cycling,35
1677,21,818.3,Walking,70
1593,28,900,None,0
1428,46,900,Yoga,58
1802,19,478.6,Gym,75
1157,33,337,Cycling,73
1215,56,590.8,Yoga,63
1669,30,747.3,Walking,65
1461,54,591.6,None,0
1133,34,900,None,0
1066,38,692.5,None,0
1847,36,900,Cycling,85
1006,24,900,None,0
1947,55,645,Cycling,62
1525,25,537,None,0
1072,30,183.1,Running,24
1398,54,900,None,0
1404,19,362.3,Running,56
1674,58,346.6,Cycling,45
1577,28,900,Yoga,28
1858,41,223.1,Walking,34
1129,23,484.9,Gym,45
1930,43,797.3,Running,82
1465,24,900,Walking,89
1205,56,580.8,None,0
1787,36,704.3,Cycling,73
1977,23,900,Walking,50
1767,46,900,Walking,51
1265,56,615.8,None,0
1536,19,900,Walking,37
1961,36,427.7,Cycling,47
1792,21,780.1,Running,44
1252,23,450,Gym,58
1821,54,900,Yoga,68
1288,45,826.5,Running,23
1163,47,475.2,Gym,71
1094,24,900,Cycling,87
1781,26,854.6,Gym,76
1832,42,602.5,Cycling,32
1109,50,738.3,Gym,84
1335,18,644.2,Running,82
1821,23,480.3,None,0
1237,35,622.1,None,0
1380,27,888.3,None,0
1435,45,344.7,Cycling,80
1898,28,900,Walking,26
1482,50,488.1,None,0
1936,18,737.1,Cycling,36
1901,30,898.3,Cycling,79
1024,54,883,Gym,85
1652,37,834.2,Cycling,57
1116,18,258.8,Gym,32
1481,20,336.1,Running,71
1391,35,325.6,Cycling,71
1916,58,268.1,Walking,51
1993,31,427.5,Walking,28
1963,48,621.9,Running,36
1536,44,306.6,None,0
1078,34,745.1,Walking,73
1579,46,806.9,Gym,73
1172,53,540.5,Cycling,47
1955,54,649.9,Yoga,69
1011,43,552.2,Cycling,37
1799,34,582.6,Cycling,32
1127,39,789.8,Yoga,52
1607,42,900,None,0
1091,19,409.1,Walking,57
1652,39,653.9,Walking,25
1542,22,695.8,Cycling,64
1845,21,900,Walking,78
1531,53,646.4,Gym,67
1657,23,724.7,Gym,60
1988,38,604.4,Yoga,74
1827,30,358.3,Cycling,80
1446,54,900,None,0
1389,42,347.2,Gym,21
1671,43,893,Running,29
1860,56,523.5,Walking,58
1042,37,676.6,None,0
1253,50,817.2,Cycling,84
1129,31,877.7,Gym,85
1059,53,900,Yoga,71
1662,34,268.7,Gym,63
1466,38,900,Running,53
1286,33,900,Gym,64
1516,33,900,Cycling,51
1466,37,283.6,Yoga,24
1929,46,875.2,Yoga,82
1777,45,606.1,Running,88
1344,25,743.6,Cycling,73
1641,41,308.4,Running,57
1381,20,853.3,Running,28
1778,42,280.9,Running,80
1689,36,335,Gym,40
1252,50,900,Walking,55
1926,19,785.1,Gym,20
1055,32,648.8,Cycling,41
1462,39,571,None,0
1456,27,900,Running,65
1982,35,485.5,Running,84
1082,39,191.6,Walking,25
1904,44,277.4,Yoga,59
1098,30,866.2,Running,54
1148,50,890.8,Gym,80
1328,22,900,Running,42
1155,43,757.3,Cycling,39
1189,30,776.5,Walking,47
1493,44,777.7,None,0
1882,31,573.3,Yoga,26
1262,41,603.5,None,0
1079,20,900,Cycling,43
1399,47,740.2,Gym,32
1763,52,728.3,None,0
1608,31,453.6,Cycling,34
1259,29,900,None,0
1771,45,560.9,Running,88
1614,46,864.4,Walking,79
1551,34,629,Running,29
1784,57,718.2,Walking,70
1100,38,900,Gym,83
1358,40,377.2,Cycling,75
1379,37,621.9,None,0
1819,28,474.5,Walking,42
1220,51,521.8,Cycling,73
1819,27,722.1,None,0
1419,27,282.7,Walking,80
1123,23,698.2,Running,39
1421,53,900,Walking,72
1230,41,331.3,Walking,34
1689,29,900,Yoga,48
1062,40,319.4,None,0
1484,44,454.6,None,0
1627,54,310,Gym,81
1702,23,340.5,None,0
1573,18,211.8,Running,35
1767,23,530.6,Running,73
1482,39,900,Cycling,26
1518,58,726.2,Walking,79
1154,41,892.8,Walking,29
1091,42,595.3,None,0
1981,32,449.3,Walking,27
1525,43,507.2,Running,56
1454,25,900,Yoga,23
1740,41,890.1,Cycling,42
1597,55,385.1,Walking,28
1644,23,569.3,Yoga,57
1509,52,731.2,None,0
1182,59,551.1,Gym,64
1385,18,811.1,Running,37
1573,53,468.9,Gym,65
1730,29,782.5,Running,21
1404,55,875.6,Cycling,67
1245,28,750.9,None,0
1741,29,233,Gym,35
1590,59,900,Cycling,64
1660,56,900,Cycling,67
1649,24,649.4,Cycling,43
1470,28,675.3,Gym,84
1825,53,900,Gym,52
1887,48,900,Gym,23
1422,50,565.1,Walking,20
1900,30,622.9,Cycling,52
1064,35,528.2,None,0
1012,58,878.9,Walking,22
1212,41,662.6,Running,64
1985,26,445.9,Gym,40
1241,48,284,None,0
1492,58,692.7,Yoga,76
1212,27,391.6,Running,59
1692,19,423.3,Cycling,81
1337,55,524.8,Cycling,62
1996,32,362.7,None,0
1172,20,714.8,Walking,43
1671,48,805,Gym,43
1163,23,873.1,None,0
1464,20,900,Gym,87
1994,28,840.2,Running,76
1496,32,456.4,None,0
1699,45,593.6,Running,67
1394,27,342.5,Running,46
1702,55,754.8,Yoga,49
1916,24,601.5,Yoga,65
1307,32,436.5,Cycling,31
1767,35,602.6,Cycling,79
1182,35,431.3,Cycling,38
1628,58,348.4,None,0
1793,41,336,Gym,73
1509,19,619.9,Cycling,53
1707,57,900,Walking,26
1545,37,820.5,Running,61
1563,51,801.3,None,0
1623,43,821.9,Gym,72
1763,24,285.7,Yoga,27
1593,55,611.2,Running,41
1743,47,862.5,Cycling,45
1226,59,671.2,Yoga,82
1744,22,390.1,Yoga,65
1732,28,900,Yoga,63
1435,18,651.1,None,0
1924,51,676.8,Running,55
1421,18,440.6,Gym,60
1553,36,323.8,Running,46
1020,19,465.7,Walking,89
1553,38,665.8,Cycling,60
1396,37,883.4,None,0
1624,40,363.5,Gym,76
1104,38,882.5,None,0
1191,41,386,Gym,31
1016,21,882,Cycling,44
1119,29,509.4,Walking,53
1392,39,591.5,Yoga,43
1424,37,321.6,Cycling,82
1128,35,676.7,Yoga,82
1129,18,846.3,Cycling,29
1571,47,689.1,Running,24
1559,50,895.4,None,0
1028,41,683.4,Walking,47
1096,31,706.9,None,0
1009,53,569,Walking,64
1241,22,316.5,Cycling,85
1825,28,831.6,Walking,68
1955,41,416.6,Yoga,59
1231,48,668,Walking,85
1788,30,474.3,Walking,27
1283,33,435.2,None,0
1714,41,881.3,Walking,36
1758,30,636.1,Gym,87
1801,41,887.6,Cycling,63
1775,43,900,Running,50
1954,19,411.5,Running,24
1725,33,318.2,Gym,79
1199,55,626.4,None,0
1944,18,689.8,Gym,61
1078,28,215,Running,42
1912,52,666.7,Yoga,36
1955,46,605.7,Running,77
1854,54,331.9,Running,68
1855,34,859.1,Cycling,22
1172,56,375.2,Running,64
1466,59,642.4,Running,54
1580,45,226.6,Walking,21
1415,46,521.1,Gym,66
1939,20,616.9,Running,22
1448,27,466,Running,48
1086,59,502.3,Yoga,39
1100,31,723.2,Running,53
1007,29,797.8,Cycling,59
1844,59,549.1,None,0
1199,47,900,Yoga,82
1504,49,346.4,Running,75
1086,49,735.5,None,0
1042,59,272.2,Cycling,85
1384,49,495.6,Gym,60
1620,43,426.2,Running,48
1434,18,790.7,Gym,70
1407,59,864,Running,31
1482,19,869.7,Yoga,63
1663,34,830.5,Yoga,29
1016,47,691.1,None,0
1644,56,435.7,Cycling,48
1147,24,386.6,Walking,48
1276,44,723,None,0
1231,26,609.2,None,0
1825,39,730.1,Cycling,22
1926,51,418.7,Running,23
1365,18,566.9,Gym,74
1227,26,597,Gym,33
1650,37,898.9,Running,47
1435,36,620.2,Walking,82
1398,53,470.4,Walking,58
1210,57,519.6,Walking,83
1390,21,327.3,Running,79
1498,26,900,Yoga,39
1539,58,675.5,None,0
1562,39,457,Yoga,33
1490,35,690.7,Running,77
1441,29,423.3,Yoga,58
1260,59,417.5,Walking,77
1772,56,320.6,Yoga,34
1349,26,500.8,Running,22
1351,23,335,None,0
1519,36,675.2,Yoga,61
1319,24,578.6,Yoga,34
1137,33,660.7,Yoga,22
1549,22,383.9,Yoga,54
1622,33,883.4,None,0
1991,18,344.1,Running,43
1367,54,311.6,Cycling,50
1219,56,798.5,Yoga,23
1336,36,784.2,Cycling,22
1222,54,783.9,None,0
1647,34,784.3,Running,87
1767,43,465.6,Gym,79
1359,39,389.4,Cycling,30
1920,25,900,Running,55
1328,50,684.9,Gym,21
1961,19,295.8,Yoga,69
1462,47,866.9,None,0
1945,37,625,None,0
1962,35,795.9,Running,81
1560,27,725.8,Walking,33
1803,41,441.8,Gym,42
1381,21,428.8,Walking,35
1835,54,445.8,None,0
1589,21,423.7,None,0
1616,30,194.1,Yoga,75
1168,42,390.6,Yoga,64
1216,30,464.7,Cycling,59
1377,35,800.5,None,0
1118,41,505,Yoga,51
1189,19,593.3,Cycling,20
1766,50,882.5,Gym,54
1369,36,900,Walking,55
1777,26,900,Gym,85
1148,45,775.6,Walking,48
1675,52,900,Running,62
1651,56,740.8,Gym,48
1858,27,747.7,Running,62
1487,18,864.8,Walking,38
1769,59,873.1,None,0
1373,38,729.2,None,0
1780,26,668.4,Cycling,38
1692,32,831.9,Gym,48
1159,52,487.2,Gym,26
1350,22,657.6,Cycling,77
1911,58,291.9,Cycling,79
1287,39,377,Yoga,70
1287,58,489.3,None,0
1891,40,209.5,Yoga,40
1225,24,760.5,Walking,28
1522,40,369.7,None,0
1521,42,723,Gym,53
1782,44,624.4,Cycling,66
1272,58,899.1,Cycling,43
1935,23,687.3,None,0
1401,51,796.7,Running,65
1182,26,633.3,Yoga,70
1968,50,900,None,0
1664,23,722.9,None,0
1487,54,900,Running,72
1826,48,754.4,Cycling,83
1845,51,868.3,Gym,71
1123,58,551.3,Gym,79
1984,46,581.1,Running,60
1625,31,417.5,Yoga,30
1789,53,810.6,Walking,23
1413,53,246.4,None,0
1979,32,393.3,Gym,32
1724,25,430.7,Walking,34
1171,43,800.1,None,0
1287,53,620.4,Yoga,30
1434,38,332.2,Running,42
1685,45,250.8,Yoga,26
1112,21,800.8,Cycling,88
1887,33,355.4,Yoga,51
1916,39,900,Running,63
1994,29,305.3,Running,22
1121,33,900,Yoga,63
1543,57,900,None,0
1221,55,900,Running,70
1630,59,663,Cycling,80
1038,54,253.2,Walking,70
1496,46,311.8,Yoga,52
1779,35,443.4,Running,39
1232,27,803.9,None,0
1942,59,549.1,None,0
1529,56,379.1,None,0
1148,35,474,Walking,40
1396,18,900,Cycling,72
1660,56,595.4,Yoga,30
1637,38,526.3,Running,29
1903,18,900,Walking,54
1301,32,569.3,Cycling,45
1359,21,798.5,Gym,63
1237,37,494.5,Running,23
1646,27,863.1,None,0
1662,40,482.8,None,0
1235,58,769.8,Cycling,60
1735,51,266,Walking,86
1202,50,369.9,None,0
1255,51,298.8,Yoga,23
1597,56,816.6,Walking,32
1661,27,332.4,None,0
1234,37,492.9,Yoga,26
1344,18,597.6,Cycling,47
1533,30,678.1,Cycling,78
1859,18,349.7,Walking,56
1796,22,385.7,Walking,34
1780,33,589.2,Yoga,49
1465,32,900,Running,31
1769,45,900,Walking,49
1540,48,900,None,0
1212,40,448.3,Running,55
1462,34,690.1,Running,40
1435,51,350.2,Running,51
1282,30,900,Cycling,82
1561,31,829.5,Cycling,32
1606,28,731,Running,56
1462,45,278.9,Running,63
1406,59,331.8,Cycling,40
1087,49,900,Yoga,37
1043,52,601.9,None,0
1460,48,339.2,Gym,66
1277,34,682.6,Walking,45
1682,26,596.7,Running,24
1420,27,900,Cycling,24
1700,25,622.1,Running,50
1352,38,393.4,Running,47
1695,30,861.9,Running,84
1514,22,547.2,Running,32
1702,23,692.1,Yoga,37
1629,47,718.1,Walking,43
1018,48,368.9,Walking,48
1022,34,290.7,Cycling,47
1412,28,439.2,Yoga,64
1029,37,530.7,Yoga,30
1806,26,641.6,Walking,70
1107,19,761.9,Cycling,78
1366,54,606.6,Yoga,32
1280,18,239.3,Cycling,66
1127,21,799.3,Walking,62
1228,53,396.3,Running,43
1110,42,259.7,None,0
1135,20,863.6,None,0
1361,26,357.8,None,0
1185,39,284.5,Yoga,88
1655,40,900,Cycling,73
1583,29,726.2,Running,33
1128,27,874.2,Walking,34
1875,51,591.4,Gym,29
1260,27,506.3,None,0
1514,47,710.6,Yoga,32
1448,39,296.3,Yoga,84
1899,23,449.4,Cycling,33
1103,19,475.1,Walking,63
1482,47,668.5,None,0
1223,19,230.7,Walking,54
1831,49,771.4,Yoga,84
1873,59,458.4,Yoga,46
1865,33,588.6,None,0
1490,29,893.6,None,0
1472,18,401.3,Cycling,41
1009,25,900,Cycling,53
1404,30,900,Gym,28
1895,32,900,Running,69
1301,25,900,Cycling,73
1230,27,611.2,Running,77
1730,22,582.5,Yoga,81
1922,36,900,Gym,57
1065,55,744.3,Gym,46
1936,28,900,Gym,83
1111,37,696,Walking,22
1012,37,900,None,0
1392,38,250.9,None,0
1499,35,493.1,Yoga,48
1931,27,870.4,Walking,88
1597,51,598.5,Walking,27
1233,43,487.8,Gym,38
1601,47,753.3,Walking,87
1313,26,324.6,Yoga,88
1565,48,273.3,Yoga,67
1011,59,801.7,Walking,59
1208,21,627.8,None,0
1973,23,879.9,Yoga,35
1013,31,286.5,None,0
1632,21,226.4,Running,27
1417,43,900,Walking,24
1436,56,286.7,Gym,44
1376,34,900,Gym,72
1019,36,638.5,Yoga,68
1586,23,774.1,Yoga,40
1911,46,825.6,Gym,70
1754,28,900,Running,65
1734,33,798.1,Gym,28
1069,47,240,Walking,83
1823,42,718.8,Gym,42
1210,57,494.2,Cycling,79
1100,28,508.8,Running,78
1697,24,300.9,Running,27
1131,43,442.4,Gym,83
1622,39,440.2,Cycling,73
1380,42,370.2,Walking,34
1131,36,252.9,Gym,71
1019,48,877.6,Walking,70
1905,43,664,Cycling,23
1535,59,177,Gym,53
1226,58,900,Gym,43
1153,53,859.9,Walking,40
1804,40,490.8,Gym,21
1741,30,317,Cycling,26
1468,42,777,Gym,75
1821,19,808.3,Yoga,87
1999,19,779.3,Cycling,54
1870,33,554.5,Running,45
1404,26,540.2,Walking,37
1201,45,480,None,0
1037,30,396.5,None,0
1941,52,834.9,Cycling,74
1771,58,900,None,0
1187,30,447.2,Running,56
1056,48,238.6,Running,71
1940,38,547.9,Cycling,38
1019,49,640.7,Running,34
1272,51,758.3,Running,71
1118,25,838.4,None,0
1582,58,319.2,Yoga,64
1515,19,435.5,Gym,40
1220,55,624.8,None,0
1525,49,900,None,0
1514,57,525.5,Yoga,67
1727,45,466.3,Gym,38
1740,54,550.2,Running,73
1335,58,383.5,Gym,21
1697,18,839.9,Yoga,51
1054,58,744.2,Walking,81
1499,27,822.5,Walking,26
1899,21,900,Gym,87
1887,52,832.9,Walking,41
1765,27,900,Cycling,48
1535,28,372.2,Walking,22
1161,31,305.5,Gym,41
1669,55,715,Running,72
1593,29,580.7,Yoga,76
1914,34,671.4,Walking,29
1158,33,244.6,Gym,59
1187,52,256.5,Yoga,39
1059,19,497,Cycling,30
1914,28,553.2,Running,27
1816,58,548.3,None,0
1318,20,900,Yoga,44
1877,46,559.2,None,0
1210,35,747,Yoga,81
1405,37,488.7,Gym,40
1663,31,364.5,Cycling,38
1108,51,679.5,Walking,44
1075,48,715.2,Cycling,24
1541,57,609.9,Running,31
1313,59,580.7,None,0
1997,35,644.1,Walking,24
1116,47,783,None,0
1926,42,392.1,Cycling,23
1867,36,316.3,Running,64
1703,25,459.2,Yoga,66
1018,45,322.9,Yoga,47
1431,25,900,None,0
1684,48,900,None,0
1739,20,581.5,Yoga,31
1349,20,298.8,None,0
1182,39,900,Yoga,47
1112,34,366.2,None,0
1182,53,727.3,Walking,87
1480,34,900,None,0
1145,31,900,Yoga,55
1830,26,332.2,Walking,81
1627,47,581.9,Walking,58
1112,38,619.3,Cycling,60
1762,29,220.9,Yoga,79
1475,54,385.7,Gym,85
1762,49,281.4,None,0
1302,28,206.3,Yoga,59
1970,37,279.3,Gym,38
1824,52,395.9,Yoga,74
1117,28,662.8,Walking,65
1812,25,900,Yoga,23
1160,21,231.6,Yoga,81
1400,44,317.2,Yoga,44
1197,57,652.8,Yoga,82
1259,55,802.8,Cycling,89
1659,47,449.2,None,0
1751,44,207.8,Cycling,23
1046,38,459.4,Walking,21
1986,37,796.1,Walking,86
1398,21,478.8,Gym,49
1709,28,811.3,Walking,23
1558,30,359.9,Cycling,67
1077,26,791.7,Walking,62
1123,21,385.1,Gym,64
1074,29,633.5,Gym,32
1870,26,458.8,Cycling,66
1136,30,711.2,Walking,47
1601,43,350.1,None,0
1399,55,844.9,Gym,47
1836,59,627.9,Walking,46
1504,30,824,Walking,49
1499,56,386,None,0
1572,45,722.3,Cycling,28
1137,36,829.6,Cycling,25
1049,41,602.7,Walking,48
1770,36,900,Yoga,89
1972,30,553.5,Yoga,85
1618,30,558.8,Running,72
1624,45,413.6,Running,89
1861,19,832.3,Running,24
1253,27,514.3,Cycling,39
1629,39,396,Walking,31
1709,30,555.9,None,0
1848,26,900,None,0
1876,50,802.6,Gym,68
1562,31,686.5,Walking,83
1756,37,529.7,Walking,69
1914,32,568.1,Running,58
1425,49,900,Walking,59
1546,50,900,None,0
1301,34,693.1,Running,22
1921,41,372.8,Walking,49
1580,47,639.3,Gym,48
1348,30,777.9,Yoga,89
1831,33,497.8,Yoga,75
1932,19,435,Cycling,85
1979,34,787.5,Gym,82
1048,49,421.4,None,0
1916,25,274.6,Walking,72
1073,20,201,Gym,65
1703,29,345.3,Walking,28
1260,37,369.6,Gym,26
1355,33,549.6,Gym,82
1581,31,688.5,Yoga,66
1601,33,246.9,Gym,63
1259,50,588.1,Cycling,68
1637,47,900,Walking,81
1742,29,333.4,Running,78
1294,32,768.2,Gym,32
1930,35,695.6,Running,49
1640,45,471.4,Yoga,62
1791,40,900,Running,70
1312,31,423.3,Cycling,27
1611,47,898,Cycling,56
1837,50,645.1,Yoga,83
1808,32,207.5,None,0
1181,24,900,Cycling,27
1685,32,667.5,Walking,81
1827,59,791.5,None,0
1363,55,865.9,Cycling,33
1187,28,900,None,0
1568,46,718.2,Gym,76
1542,48,815,Cycling,40
1595,42,308.6,None,0
1663,41,900,Walking,23
1984,36,900,Yoga,62
1547,19,696.6,Cycling,30
1724,39,609.7,Walking,38
1925,37,736.9,Gym,84
1407,50,439.6,Running,21
1875,25,405.7,Running,68
1617,42,263.2,Yoga,88
1413,26,398.6,Yoga,53
1341,51,798.1,Running,23
1219,40,343,Running,58
1902,22,806.1,Yoga,68
1162,42,900,Running,22
1950,25,325.3,Cycling,45
1219,33,530,None,0
1269,32,533.6,Walking,84
1631,18,561.6,None,0
1905,39,698.4,Yoga,77
1847,20,520.4,Walking,54
1399,55,650.3,Gym,35
1181,31,719,Gym,52
1990,53,612.3,Cycling,50
1617,35,355.9,Gym,41
1728,58,407.7,Yoga,80
1204,35,322.8,Cycling,83
1581,20,332.9,None,0
1555,27,436.9,Cycling,54
1840,56,528.8,Yoga,58
1812,18,700.9,Running,22
1227,44,551.3,Walking,32
1695,44,709.7,Yoga,33
1618,28,373.7,Running,60
1595,22,312.6,Running,27
1849,24,881.1,Gym,38
1249,36,438.3,None,0
1874,46,771.9,Cycling,69
1440,32,697.2,Cycling,80
1532,52,850.4,Gym,55
1195,54,702.4,Gym,86
1689,29,900,Cycling,64
1928,47,424.2,Yoga,26
1986,37,802.2,Yoga,41
1518,54,520.4,Yoga,28
1069,20,775.5,Yoga,79
1638,26,420.9,Gym,61
1398,58,452.8,Walking,78
1977,56,306.7,Walking,59
1671,43,494.7,Cycling,48
1759,19,791,Walking,74
1202,40,900,Yoga,83
1147,40,404.3,Gym,61
1471,38,900,Yoga,48
1654,33,378,Running,40
1943,26,201.9,Gym,82
1198,30,748.6,Running,82
1916,45,661.2,Running,57
1425,44,682.5,Cycling,85
1665,34,776.8,Running,31
1491,55,875.2,Walking,52
1887,53,412.8,Walking,20
1895,18,277.5,Running,87
1141,35,900,Cycling,47
1312,26,825.4,Running,81
1164,30,520.6,Gym,78
1313,57,725.7,Gym,68
1020,32,376,Gym,64
1081,21,712.8,Gym,25
1580,50,657.4,Running,39
1130,41,507.1,Yoga,35
1598,53,713.9,Yoga,31
1729,58,395,None,0
1932,27,787,Gym,39
1983,53,527.7,None,0
1304,37,662.7,None,0
1914,58,392.5,Cycling,21
1370,28,358.1,Cycling,53
1856,29,287.8,Running,45
1852,35,798.2,Yoga,52
1383,47,544,Running,61
1907,54,648.9,Walking,84
1444,37,900,Gym,27
1424,42,550.5,Walking,84
1160,29,900,Walking,29
1177,38,576.5,None,0
1628,42,900,Cycling,70
1707,28,474.7,Yoga,76
1894,26,774.3,None,0
1489,42,745.6,None,0
1326,52,649.2,Gym,50
1597,49,323.2,Running,82
1288,31,271.7,Gym,87
1592,18,530.8,Running,75
1663,34,553.4,Running,31
1572,42,657,Yoga,50
1572,25,326.7,Walking,42
1353,22,900,Running,52
1027,22,870.2,Yoga,27
1953,58,331.7,Walking,81
1042,52,900,None,0
1680,36,385.7,None,0
1422,40,700.6,Walking,71
1597,26,777.8,Gym,45
1176,47,877.3,Gym,31
1528,33,803.8,Gym,46
1609,50,580.1,Cycling,87
1965,19,900,Walking,49
1493,31,870.3,Cycling,23
1197,18,632,Gym,73
1609,43,522.1,Yoga,53
1576,42,854.3,Gym,87
1841,33,900,Running,75
1852,32,487,Yoga,37
1516,43,503.1,Yoga,66
1513,33,672.6,Walking,79
